root[1, 1]	2	-4	1	1
root[1, 2]	3	-6	1	1
root[2, 1]	3	-6	1	1
root[2, 2]	4	-16	1	3/2
root[2, 3]	5	-22	2	2
root[3, 2]	5	-22	2	2
root[3, 3]	6	-36	3	10/3
root[2, 4]	6	-24	2	5/2
root[4, 2]	6	-24	2	5/2
root[3, 4]	7	-46	5	5
root[4, 3]	7	-46	5	5
root[4, 4]	8	-64	8	35/4
root[3, 5]	8	-52	6	6
root[5, 3]	8	-52	6	6
root[4, 5]	9	-78	13	13
root[3, 6]	9	-54	6	19/3
root[5, 4]	9	-78	13	13
root[6, 3]	9	-54	6	19/3
root[5, 5]	10	-100	23	116/5
root[4, 6]	10	-88	16	17
root[6, 4]	10	-88	16	17
root[5, 6]	11	-118	36	36
root[4, 7]	11	-94	20	20
root[6, 5]	11	-118	36	36
root[7, 4]	11	-94	20	20
root[6, 6]	12	-144	64	66
root[5, 7]	12	-132	50	50
root[4, 8]	12	-96	20	85/4
root[7, 5]	12	-132	50	50
root[8, 4]	12	-96	20	85/4
root[6, 7]	13	-166	106	106
root[5, 8]	13	-142	63	63
root[7, 6]	13	-166	106	106
root[8, 5]	13	-142	63	63
root[7, 7]	14	-196	195	1366/7
root[6, 8]	14	-184	151	307/2
root[5, 9]	14	-148	72	72
root[8, 6]	14	-184	151	307/2
root[9, 5]	14	-148	72	72
root[7, 8]	15	-222	321	321
root[6, 9]	15	-198	202	608/3
root[5, 10]	15	-150	75	376/5
root[8, 7]	15	-222	321	321
root[9, 6]	15	-198	202	608/3
root[10, 5]	15	-150	75	376/5
root[8, 8]	16	-256	590	4755/8
root[7, 9]	16	-244	480	480
root[6, 10]	16	-208	243	246
root[9, 7]	16	-244	480	480
root[10, 6]	16	-208	243	246
root[8, 9]	17	-286	995	995
root[7, 10]	17	-262	660	660
root[6, 11]	17	-214	276	276
root[9, 8]	17	-286	995	995
root[10, 7]	17	-262	660	660
root[11, 6]	17	-214	276	276
root[9, 9]	18	-324	1850	16660/9
root[8, 10]	18	-312	1521	3055/2
root[7, 11]	18	-276	840	840
root[6, 12]	18	-216	283	1721/6
root[10, 8]	18	-312	1521	3055/2
root[11, 7]	18	-276	840	840
root[12, 6]	18	-216	283	1721/6
root[9, 10]	19	-358	3144	3144
root[8, 11]	19	-334	2169	2169
root[7, 12]	19	-286	995	995
root[10, 9]	19	-358	3144	3144
root[11, 8]	19	-334	2169	2169
root[12, 7]	19	-286	995	995
root[10, 10]	20	-400	5861	29364/5
root[9, 11]	20	-388	4928	4928
root[8, 12]	20	-352	2860	5737/2
root[7, 13]	20	-292	1100	1100
root[11, 9]	20	-388	4928	4928
root[12, 8]	20	-352	2860	5737/2
root[13, 7]	20	-292	1100	1100
root[10, 11]	21	-438	10088	10088
root[9, 12]	21	-414	7185	21560/3
root[8, 13]	21	-366	3550	3550
root[7, 14]	21	-294	1137	7960/7
root[11, 10]	21	-438	10088	10088
root[12, 9]	21	-414	7185	21560/3
root[13, 8]	21	-366	3550	3550
root[14, 7]	21	-294	1137	7960/7
root[11, 11]	22	-484	18901	207912/11
root[10, 12]	22	-472	16070	16088
root[9, 13]	22	-436	9810	9810
root[8, 14]	22	-376	4115	4125
root[12, 10]	22	-472	16070	16088
root[13, 9]	22	-436	9810	9810
root[14, 8]	22	-376	4115	4125
root[11, 12]	23	-526	32776	32776
root[10, 13]	23	-502	23990	23990
root[9, 14]	23	-454	12590	12590
root[8, 15]	23	-382	4510	4510
root[12, 11]	23	-526	32776	32776
root[13, 10]	23	-502	23990	23990
root[14, 9]	23	-454	12590	12590
root[15, 8]	23	-382	4510	4510
root[12, 12]	24	-576	61525	184682/3
root[11, 13]	24	-564	53040	53040
root[10, 14]	24	-528	33605	33630
root[9, 15]	24	-468	15238	15240
root[8, 16]	24	-384	4635	37165/8
root[13, 11]	24	-564	53040	53040
root[14, 10]	24	-528	33605	33630
root[15, 9]	24	-468	15238	15240
root[16, 8]	24	-384	4635	37165/8
root[12, 13]	25	-622	107612	107612
root[11, 14]	25	-598	80604	80604
root[10, 15]	25	-550	44498	222492/5
root[9, 16]	25	-478	17441	17441
root[13, 12]	25	-622	107612	107612
root[14, 11]	25	-598	80604	80604
root[15, 10]	25	-550	44498	222492/5
root[16, 9]	25	-478	17441	17441
root[13, 13]	26	-676	202533	2632930/13
root[12, 14]	26	-664	176287	176340
root[11, 15]	26	-628	115584	115584
root[10, 16]	26	-568	55717	111497/2
root[9, 17]	26	-484	18900	18900
root[14, 12]	26	-664	176287	176340
root[15, 11]	26	-628	115584	115584
root[16, 10]	26	-568	55717	111497/2
root[17, 9]	26	-484	18900	18900
root[13, 14]	27	-726	356490	356490
root[12, 15]	27	-702	272377	817144/3
root[11, 16]	27	-654	156983	156983
root[10, 17]	27	-582	66284	66284
root[9, 18]	27	-486	19409	174700/9
root[14, 13]	27	-726	356490	356490
root[15, 12]	27	-702	272377	817144/3
root[16, 11]	27	-654	156983	156983
root[17, 10]	27	-582	66284	66284
root[18, 9]	27	-486	19409	174700/9
root[14, 14]	28	-784	672003	4704705/7
root[13, 15]	28	-772	590530	590530
root[12, 16]	28	-736	398238	1593259/4
root[11, 17]	28	-676	202532	202532
root[10, 18]	28	-592	74886	74922
root[15, 13]	28	-772	590530	590530
root[16, 12]	28	-736	398238	1593259/4
root[17, 11]	28	-676	202532	202532
root[18, 10]	28	-592	74886	74922
root[14, 15]	29	-838	1190080	1190080
root[13, 16]	29	-814	925175	925175
root[12, 17]	29	-766	553344	553344
root[11, 18]	29	-694	248776	248776
root[10, 19]	29	-598	80600	80600
root[15, 14]	29	-838	1190080	1190080
root[16, 13]	29	-814	925175	925175
root[17, 12]	29	-766	553344	553344
root[18, 11]	29	-694	248776	248776
root[19, 10]	29	-598	80600	80600
root[15, 15]	30	-900	2247005	6741040/3
root[14, 16]	30	-888	1989962	3980245/2
root[13, 17]	30	-852	1376270	1376270
root[12, 18]	30	-792	732172	2196836/3
root[11, 19]	30	-708	291440	291440
root[10, 20]	30	-600	82543	82581
root[16, 14]	30	-888	1989962	3980245/2
root[17, 13]	30	-852	1376270	1376270
root[18, 12]	30	-792	732172	2196836/3
root[19, 11]	30	-708	291440	291440
root[20, 10]	30	-600	82543	82581
root[15, 16]	31	-958	3999565	3999565
root[14, 17]	31	-934	3156950	3156950
root[13, 18]	31	-886	1950110	1950110
root[12, 19]	31	-814	925160	925160
root[11, 20]	31	-718	326041	326041
root[16, 15]	31	-958	3999565	3999565
root[17, 14]	31	-934	3156950	3156950
root[18, 13]	31	-886	1950110	1950110
root[19, 12]	31	-814	925160	925160
root[20, 11]	31	-718	326041	326041
root[16, 16]	32	-1024	7561036	120981331/16
root[15, 17]	32	-1012	6744302	6744302
root[14, 18]	32	-976	4767310	4767550
root[13, 19]	32	-916	2638790	2638790
root[12, 20]	32	-832	1117676	1117799
root[11, 21]	32	-724	348624	348624
root[17, 15]	32	-1012	6744302	6744302
root[18, 14]	32	-976	4767310	4767550
root[19, 13]	32	-916	2638790	2638790
root[20, 12]	32	-832	1117676	1117799
root[21, 11]	32	-724	348624	348624
root[16, 17]	33	-1086	13520833	13520833
root[15, 18]	33	-1062	10817090	10817102
root[14, 19]	33	-1014	6874350	6874350
root[13, 20]	33	-942	3416991	3416991
root[12, 21]	33	-846	1293276	3879848/3
root[11, 22]	33	-726	356474	3921215/11
root[17, 16]	33	-1086	13520833	13520833
root[18, 15]	33	-1062	10817090	10817102
root[19, 14]	33	-1014	6874350	6874350
root[20, 13]	33	-942	3416991	3416991
root[21, 12]	33	-846	1293276	3879848/3
root[22, 11]	33	-726	356474	3921215/11
root[17, 17]	34	-1156	25590275	435034676/17
root[16, 18]	34	-1144	22968506	45938007/2
root[15, 19]	34	-1108	16555920	16555920
root[14, 20]	34	-1048	9486441	9486771
root[13, 21]	34	-964	4241350	4241350
root[12, 22]	34	-856	1434145	1434283
root[18, 16]	34	-1144	22968506	45938007/2
root[19, 15]	34	-1108	16555920	16555920
root[20, 14]	34	-1048	9486441	9486771
root[21, 13]	34	-964	4241350	4241350
root[22, 12]	34	-856	1434145	1434283
root[17, 18]	35	-1222	45946812	45946812
root[16, 19]	35	-1198	37203445	37203445
root[15, 20]	35	-1150	24245764	24245765
root[14, 21]	35	-1078	12554864	87884050/7
root[13, 22]	35	-982	5053190	5053190
root[12, 23]	35	-862	1525752	1525752
root[18, 17]	35	-1222	45946812	45946812
root[19, 16]	35	-1198	37203445	37203445
root[20, 15]	35	-1150	24245764	24245765
root[21, 14]	35	-1078	12554864	87884050/7
root[22, 13]	35	-982	5053190	5053190
root[23, 12]	35	-862	1525752	1525752
root[18, 18]	36	-1296	87046293	87047240
root[17, 19]	36	-1284	78571860	78571860
root[16, 20]	36	-1248	57626146	230507639/4
root[15, 21]	36	-1188	34051120	102153410/3
root[14, 22]	36	-1104	15958930	15959350
root[13, 23]	36	-996	5784690	5784690
root[12, 24]	36	-864	1557302	18689425/12
root[19, 17]	36	-1284	78571860	78571860
root[20, 16]	36	-1248	57626146	230507639/4
root[21, 15]	36	-1188	34051120	102153410/3
root[22, 14]	36	-1104	15958930	15959350
root[23, 13]	36	-996	5784690	5784690
root[24, 12]	36	-864	1557302	18689425/12
root[18, 19]	37	-1366	156864020	156864020
root[17, 20]	37	-1342	128391601	128391601
root[16, 21]	37	-1294	85576105	85576105
root[15, 22]	37	-1222	45946310	45946310
root[14, 23]	37	-1126	19511940	19511940
root[13, 24]	37	-1006	6367745	6367745
root[19, 18]	37	-1366	156864020	156864020
root[20, 17]	37	-1342	128391601	128391601
root[21, 16]	37	-1294	85576105	85576105
root[22, 15]	37	-1222	45946310	45946310
root[23, 14]	37	-1126	19511940	19511940
root[24, 13]	37	-1006	6367745	6367745
root[19, 19]	38	-1444	297442481	5651407140/19
root[18, 20]	38	-1432	269845771	269847343
root[17, 21]	38	-1396	201028234	201028234
root[16, 22]	38	-1336	122087224	244176617/2
root[15, 23]	38	-1252	59657794	59657794
root[14, 24]	38	-1144	22967750	45936495/2
root[13, 25]	38	-1012	6743990	6743990
root[20, 18]	38	-1432	269845771	269847343
root[21, 17]	38	-1396	201028234	201028234
root[22, 16]	38	-1336	122087224	244176617/2
root[23, 15]	38	-1252	59657794	59657794
root[24, 14]	38	-1144	22967750	45936495/2
root[25, 13]	38	-1012	6743990	6743990
root[19, 20]	39	-1518	537774241	537774241
root[18, 21]	39	-1494	444469804	1333409518/3
root[17, 22]	39	-1446	302296482	302296482
root[16, 23]	39	-1374	167631382	167631382
root[15, 24]	39	-1278	74634566	74634587
root[14, 25]	39	-1158	26053030	26053030
root[13, 26]	39	-1014	6874041	89362534/13
root[20, 19]	39	-1518	537774241	537774241
root[21, 18]	39	-1494	444469804	1333409518/3
root[22, 17]	39	-1446	302296482	302296482
root[23, 16]	39	-1374	167631382	167631382
root[24, 15]	39	-1278	74634566	74634587
root[25, 14]	39	-1158	26053030	26053030
root[26, 13]	39	-1014	6874041	89362534/13
root[20, 20]	40	-1600	1020511768	1020514706
root[19, 21]	40	-1588	930100570	930100570
root[18, 22]	40	-1552	702737818	702740282
root[17, 23]	40	-1492	437436874	437436874
root[16, 24]	40	-1408	221839028	887361849/4
root[15, 25]	40	-1300	90059312	450296566/5
root[14, 26]	40	-1168	28494084	28494634
root[21, 19]	40	-1588	930100570	930100570
root[22, 18]	40	-1552	702737818	702740282
root[23, 17]	40	-1492	437436874	437436874
root[24, 16]	40	-1408	221839028	887361849/4
root[25, 15]	40	-1300	90059312	450296566/5
root[26, 14]	40	-1168	28494084	28494634
root[20, 21]	41	-1678	1850582651	1850582651
root[19, 22]	41	-1654	1543075010	1543075010
root[18, 23]	41	-1606	1068831370	1068831370
root[17, 24]	41	-1534	610135895	610135895
root[16, 25]	41	-1438	283316560	283316560
root[15, 26]	41	-1318	104906930	104906930
root[14, 27]	41	-1174	30062950	30062950
root[21, 20]	41	-1678	1850582651	1850582651
root[22, 19]	41	-1654	1543075010	1543075010
root[23, 18]	41	-1606	1068831370	1068831370
root[24, 17]	41	-1534	610135895	610135895
root[25, 16]	41	-1438	283316560	283316560
root[26, 15]	41	-1318	104906930	104906930
root[27, 14]	41	-1174	30062950	30062950
root[21, 21]	42	-1764	3514253265	73799319940/21
root[20, 22]	42	-1752	3216317247	3216322291
root[19, 23]	42	-1716	2461426770	2461426770
root[18, 24]	42	-1656	1566682598	4700058725/3
root[17, 25]	42	-1572	821450350	821450350
root[16, 26]	42	-1464	349541916	349543691
root[15, 27]	42	-1332	118048286	118048310
root[14, 28]	42	-1176	30603239	214226655/7
root[22, 20]	42	-1752	3216317247	3216322291
root[23, 19]	42	-1716	2461426770	2461426770
root[24, 18]	42	-1656	1566682598	4700058725/3
root[25, 17]	42	-1572	821450350	821450350
root[26, 16]	42	-1464	349541916	349543691
root[27, 15]	42	-1332	118048286	118048310
root[28, 14]	42	-1176	30603239	214226655/7
root[21, 22]	43	-1846	6389938860	6389938860
root[20, 23]	43	-1822	5371197171	5371197171
root[19, 24]	43	-1774	3782670605	3782670605
root[18, 25]	43	-1702	2216642836	2216642836
root[17, 26]	43	-1606	1068813632	1068813632
root[16, 27]	43	-1486	416968860	416968860
root[15, 28]	43	-1342	128385745	128385745
root[22, 21]	43	-1846	6389938860	6389938860
root[23, 20]	43	-1822	5371197171	5371197171
root[24, 19]	43	-1774	3782670605	3782670605
root[25, 18]	43	-1702	2216642836	2216642836
root[26, 17]	43	-1606	1068813632	1068813632
root[27, 16]	43	-1486	416968860	416968860
root[28, 15]	43	-1342	128385745	128385745
root[22, 22]	44	-1936	12142185917	133564149044/11
root[21, 23]	44	-1924	11155347604	11155347604
root[20, 24]	44	-1888	8637412500	8637420544
root[19, 25]	44	-1828	5610079232	5610079232
root[18, 26]	44	-1744	3031342569	3031347474
root[17, 27]	44	-1636	1345336536	1345336536
root[16, 28]	44	-1504	481261502	962527129/2
root[15, 29]	44	-1348	134998838	134998838
root[23, 21]	44	-1924	11155347604	11155347604
root[24, 20]	44	-1888	8637412500	8637420544
root[25, 19]	44	-1828	5610079232	5610079232
root[26, 18]	44	-1744	3031342569	3031347474
root[27, 17]	44	-1636	1345336536	1345336536
root[28, 16]	44	-1504	481261502	962527129/2
root[29, 15]	44	-1348	134998838	134998838
root[22, 23]	45	-2022	22132622316	22132622316
root[21, 24]	45	-1998	18741577209	18741577316
root[20, 25]	45	-1950	13400134360	67000671813/5
root[19, 26]	45	-1878	8041608624	8041608624
root[18, 27]	45	-1782	4011477000	36103293608/9
root[17, 28]	45	-1662	1639608886	1639608886
root[16, 29]	45	-1518	537750512	537750512
root[15, 30]	45	-1350	137274832	2059122874/15
root[23, 22]	45	-2022	22132622316	22132622316
root[24, 21]	45	-1998	18741577209	18741577316
root[25, 20]	45	-1950	13400134360	67000671813/5
root[26, 19]	45	-1878	8041608624	8041608624
root[27, 18]	45	-1782	4011477000	36103293608/9
root[28, 17]	45	-1662	1639608886	1639608886
root[29, 16]	45	-1518	537750512	537750512
root[30, 15]	45	-1350	137274832	2059122874/15
root[23, 23]	46	-2116	42080799693	967858392940/23
root[22, 24]	46	-2104	38796450692	38796467080
root[21, 25]	46	-2068	30362669980	30362669980
root[20, 26]	46	-2008	20088510686	20088522681
root[19, 27]	46	-1924	11155206160	11155206160
root[18, 28]	46	-1816	5141987355	5141993650
root[17, 29]	46	-1684	1936152030	1936152030
root[16, 30]	46	-1528	581940302	581942557
root[24, 22]	46	-2104	38796450692	38796467080
root[25, 21]	46	-2068	30362669980	30362669980
root[26, 20]	46	-2008	20088510686	20088522681
root[27, 19]	46	-1924	11155206160	11155206160
root[28, 18]	46	-1816	5141987355	5141993650
root[29, 17]	46	-1684	1936152030	1936152030
root[30, 16]	46	-1528	581940302	581942557
root[23, 24]	47	-2206	76878002340	76878002340
root[22, 25]	47	-2182	65541081798	65541081798
root[21, 26]	47	-2134	47516276556	47516276556
root[20, 27]	47	-2062	29141367901	29141367901
root[19, 28]	47	-1966	14991842870	14991842870
root[18, 29]	47	-1846	6389750380	6389750380
root[17, 30]	47	-1702	2216570094	2216570094
root[16, 31]	47	-1534	610111300	610111300
root[24, 23]	47	-2206	76878002340	76878002340
root[25, 22]	47	-2182	65541081798	65541081798
root[26, 21]	47	-2134	47516276556	47516276556
root[27, 20]	47	-2062	29141367901	29141367901
root[28, 19]	47	-1966	14991842870	14991842870
root[29, 18]	47	-1846	6389750380	6389750380
root[30, 17]	47	-1702	2216570094	2216570094
root[31, 16]	47	-1534	610111300	610111300
root[24, 24]	48	-2304	146245226758	146245257735
root[23, 25]	48	-2292	135266887420	135266887420
root[22, 26]	48	-2256	106908229532	106908256052
root[21, 27]	48	-2196	71940477780	71940477940
root[20, 28]	48	-2112	40956713531	40956730346
root[19, 29]	48	-2004	19538520630	19538520630
root[18, 30]	48	-1872	7703195265	7703202966
root[17, 31]	48	-1716	2461316430	2461316430
root[16, 32]	48	-1536	619786391	9916619421/16
root[25, 23]	48	-2292	135266887420	135266887420
root[26, 22]	48	-2256	106908229532	106908256052
root[27, 21]	48	-2196	71940477780	71940477940
root[28, 20]	48	-2112	40956713531	40956730346
root[29, 19]	48	-2004	19538520630	19538520630
root[30, 18]	48	-1872	7703195265	7703202966
root[31, 17]	48	-1716	2461316430	2461316430
root[32, 16]	48	-1536	619786391	9916619421/16
root[24, 25]	49	-2398	267734013328	267734013328
root[23, 26]	49	-2374	229680079088	229680079088
root[22, 27]	49	-2326	168653324380	168653324380
root[21, 28]	49	-2254	105513774895	738596424270/7
root[20, 29]	49	-2158	55828509991	55828509991
root[19, 30]	49	-2038	24714187570	24714187570
root[18, 31]	49	-1894	9014733278	9014733278
root[17, 32]	49	-1726	2651858563	2651858563
root[25, 24]	49	-2398	267734013328	267734013328
root[26, 23]	49	-2374	229680079088	229680079088
root[27, 22]	49	-2326	168653324380	168653324380
root[28, 21]	49	-2254	105513774895	738596424270/7
root[29, 20]	49	-2158	55828509991	55828509991
root[30, 19]	49	-2038	24714187570	24714187570
root[31, 18]	49	-1894	9014733278	9014733278
root[32, 17]	49	-1726	2651858563	2651858563
root[25, 25]	50	-2500	509556805961	12738920149141/25
root[24, 26]	50	-2488	472712181164	472712234970
root[23, 27]	50	-2452	377014018028	377014018028
root[22, 28]	50	-2392	257683117200	257683157502
root[21, 29]	50	-2308	150091005894	150091005894
root[20, 30]	50	-2200	73876174905	369380985787/5
root[19, 31]	50	-2068	30361721678	30361721678
root[18, 32]	50	-1912	10245676550	20491370541/2
root[17, 33]	50	-1732	2772921818	2772921818
root[26, 24]	50	-2488	472712181164	472712234970
root[27, 23]	50	-2452	377014018028	377014018028
root[28, 22]	50	-2392	257683117200	257683157502
root[29, 21]	50	-2308	150091005894	150091005894
root[30, 20]	50	-2200	73876174905	369380985787/5
root[31, 19]	50	-2068	30361721678	30361721678
root[32, 18]	50	-1912	10245676550	20491370541/2
root[33, 17]	50	-1732	2772921818	2772921818
root[25, 26]	51	-2598	934648529837	934648529837
root[24, 27]	51	-2574	806440632415	2419321898240/3
root[23, 28]	51	-2526	599183811990	599183811990
root[22, 29]	51	-2454	381795201610	381795201610
root[21, 30]	51	-2358	207277583754	207277583974
root[20, 31]	51	-2238	94977435103	94977435103
root[19, 32]	51	-2094	36248746625	36248746625
root[18, 33]	51	-1926	11313714728	11313714820
root[17, 34]	51	-1734	2814446537	47845591130/17
root[26, 25]	51	-2598	934648529837	934648529837
root[27, 24]	51	-2574	806440632415	2419321898240/3
root[28, 23]	51	-2526	599183811990	599183811990
root[29, 22]	51	-2454	381795201610	381795201610
root[30, 21]	51	-2358	207277583754	207277583974
root[31, 20]	51	-2238	94977435103	94977435103
root[32, 19]	51	-2094	36248746625	36248746625
root[33, 18]	51	-1926	11313714728	11313714820
root[34, 17]	51	-1734	2814446537	47845591130/17
root[26, 26]	52	-2704	1779630368071	23135196101389/13
root[25, 27]	52	-2692	1655516110989	1655516110989
root[24, 28]	52	-2656	1331499729295	1331499817465
root[23, 29]	52	-2596	923245404310	923245404310
root[22, 30]	52	-2512	549172404554	549172462346
root[21, 31]	52	-2404	278157092510	278157092510
root[20, 32]	52	-2272	118715225828	474861014809/4
root[19, 33]	52	-2116	42078979070	42078979070
root[18, 34]	52	-1936	12141557410	12141566860
root[27, 25]	52	-2692	1655516110989	1655516110989
root[28, 24]	52	-2656	1331499729295	1331499817465
root[29, 23]	52	-2596	923245404310	923245404310
root[30, 22]	52	-2512	549172404554	549172462346
root[31, 21]	52	-2404	278157092510	278157092510
root[32, 20]	52	-2272	118715225828	474861014809/4
root[33, 19]	52	-2116	42078979070	42078979070
root[34, 18]	52	-1936	12141557410	12141566860
root[26, 27]	53	-2806	3270074081884	3270074081884
root[25, 28]	53	-2782	2836639961483	2836639961483
root[24, 29]	53	-2734	2130733383710	2130733383710
root[23, 30]	53	-2662	1380848717954	1380848717954
root[22, 31]	53	-2566	767616957186	767616957186
root[21, 32]	53	-2446	363001011951	363001011951
root[20, 33]	53	-2302	144352186681	144352186681
root[19, 34]	53	-2134	47514186380	47514186380
root[18, 35]	53	-1942	12666028236	12666028236
root[27, 26]	53	-2806	3270074081884	3270074081884
root[28, 25]	53	-2782	2836639961483	2836639961483
root[29, 24]	53	-2734	2130733383710	2130733383710
root[30, 23]	53	-2662	1380848717954	1380848717954
root[31, 22]	53	-2566	767616957186	767616957186
root[32, 21]	53	-2446	363001011951	363001011951
root[33, 20]	53	-2302	144352186681	144352186681
root[34, 19]	53	-2134	47514186380	47514186380
root[35, 18]	53	-1942	12666028236	12666028236
root[27, 27]	54	-2916	6228975186510	168182330052430/27
root[26, 28]	54	-2904	5809442244423	5809442422668
root[25, 29]	54	-2868	4708983192095	4708983192095
root[24, 30]	54	-2808	3308947902917	9926844118844/3
root[23, 31]	54	-2724	2006802554890	2006802554890
root[22, 32]	54	-2616	1043545889684	2087091936351/2
root[21, 33]	54	-2484	461001359770	461001360050
root[20, 34]	54	-2328	170841392329	170841425471
root[19, 35]	54	-2148	52204927700	52204927700
root[18, 36]	54	-1944	12845649104	115610930137/9
root[28, 26]	54	-2904	5809442244423	5809442422668
root[29, 25]	54	-2868	4708983192095	4708983192095
root[30, 24]	54	-2808	3308947902917	9926844118844/3
root[31, 23]	54	-2724	2006802554890	2006802554890
root[32, 22]	54	-2616	1043545889684	2087091936351/2
root[33, 21]	54	-2484	461001359770	461001360050
root[34, 20]	54	-2328	170841392329	170841425471
root[35, 19]	54	-2148	52204927700	52204927700
root[36, 18]	54	-1944	12845649104	115610930137/9
root[27, 28]	55	-3022	11464658440115	11464658440115
root[26, 29]	55	-2998	9994651673299	9994651673299
root[25, 30]	55	-2950	7583885915395	37919429577011/5
root[24, 31]	55	-2878	4992458577822	4992458577822
root[23, 32]	55	-2782	2836601952521	2836601952521
root[22, 33]	55	-2662	1380826926778	15189096194560/11
root[21, 34]	55	-2518	570074139610	570074139610
root[20, 35]	55	-2350	196880633653	196880633657
root[19, 36]	55	-2158	55826441115	55826441115
root[28, 27]	55	-3022	11464658440115	11464658440115
root[29, 26]	55	-2998	9994651673299	9994651673299
root[30, 25]	55	-2950	7583885915395	37919429577011/5
root[31, 24]	55	-2878	4992458577822	4992458577822
root[32, 23]	55	-2782	2836601952521	2836601952521
root[33, 22]	55	-2662	1380826926778	15189096194560/11
root[34, 21]	55	-2518	570074139610	570074139610
root[35, 20]	55	-2350	196880633653	196880633657
root[36, 19]	55	-2158	55826441115	55826441115
root[28, 28]	56	-3136	21846625140226	43693250952555/2
root[27, 29]	56	-3124	20423969410805	20423969410805
root[26, 30]	56	-3088	16675663620524	16675663915789
root[25, 31]	56	-3028	11863741707647	11863741707647
root[24, 32]	56	-2944	7325527851977	58604224409075/8
root[23, 33]	56	-2836	3902896547790	3902896547790
root[22, 34]	56	-2704	1779579543934	1779579645200
root[21, 35]	56	-2548	686780884472	4807466191310/7
root[20, 36]	56	-2368	221007534850	221007572311
root[19, 37]	56	-2164	58114733530	58114733530
root[29, 27]	56	-3124	20423969410805	20423969410805
root[30, 26]	56	-3088	16675663620524	16675663915789
root[31, 25]	56	-3028	11863741707647	11863741707647
root[32, 24]	56	-2944	7325527851977	58604224409075/8
root[33, 23]	56	-2836	3902896547790	3902896547790
root[34, 22]	56	-2704	1779579543934	1779579645200
root[35, 21]	56	-2548	686780884472	4807466191310/7
root[36, 20]	56	-2368	221007534850	221007572311
root[37, 19]	56	-2164	58114733530	58114733530
root[28, 29]	57	-3246	40271341532070	40271341532070
root[27, 30]	57	-3222	35270891900411	35270891901459
root[26, 31]	57	-3174	27016991127439	27016991127439
root[25, 32]	57	-3102	18046084575456	18046084575456
root[24, 33]	57	-3006	10462891253517	10462891254240
root[23, 34]	57	-2886	5231057274230	5231057274230
root[22, 35]	57	-2742	2235117753040	2235117753040
root[21, 36]	57	-2574	806405632584	2419216898747/3
root[20, 37]	57	-2382	241729342157	241729342157
root[19, 38]	57	-2166	58897462031	1119051778590/19
root[29, 28]	57	-3246	40271341532070	40271341532070
root[30, 27]	57	-3222	35270891900411	35270891901459
root[31, 26]	57	-3174	27016991127439	27016991127439
root[32, 25]	57	-3102	18046084575456	18046084575456
root[33, 24]	57	-3006	10462891253517	10462891254240
root[34, 23]	57	-2886	5231057274230	5231057274230
root[35, 22]	57	-2742	2235117753040	2235117753040
root[36, 21]	57	-2574	806405632584	2419216898747/3
root[37, 20]	57	-2382	241729342157	241729342157
root[38, 19]	57	-2166	58897462031	1119051778590/19
root[29, 29]	58	-3364	76766499208861	2226228477056970/29
root[28, 30]	58	-3352	71927787493125	71927788088165
root[27, 31]	58	-3316	59126061930402	59126061930402
root[26, 32]	58	-3256	42552488350540	85104977626255/2
root[25, 33]	58	-3172	26717250885391	26717250885391
root[24, 34]	58	-3064	14557903603338	14557903880010
root[23, 35]	58	-2932	6834206965518	6834206965518
root[22, 36]	58	-2776	2737222607369	2737222731757
root[21, 37]	58	-2596	923205532220	923205532220
root[20, 38]	58	-2392	257670230151	257670270451
root[30, 28]	58	-3352	71927787493125	71927788088165
root[31, 27]	58	-3316	59126061930402	59126061930402
root[32, 26]	58	-3256	42552488350540	85104977626255/2
root[33, 25]	58	-3172	26717250885391	26717250885391
root[34, 24]	58	-3064	14557903603338	14557903880010
root[35, 23]	58	-2932	6834206965518	6834206965518
root[36, 22]	58	-2776	2737222607369	2737222731757
root[37, 21]	58	-2596	923205532220	923205532220
root[38, 20]	58	-2392	257670230151	257670270451
root[29, 30]	59	-3478	141711828440598	141711828440598
root[28, 31]	59	-3454	124654650924473	124654650924473
root[27, 32]	59	-3406	96328107912197	96328107912197
root[26, 33]	59	-3334	65221425002169	65221425002169
root[25, 34]	59	-3238	38531860401911	38531860401911
root[24, 35]	59	-3118	19746436576478	19746436576478
root[23, 36]	59	-2974	8708283138317	8708283138317
root[22, 37]	59	-2806	3269934021064	3269934021064
root[21, 38]	59	-2614	1030827326396	1030827326396
root[20, 39]	59	-2398	267718747451	267718747451
root[30, 29]	59	-3478	141711828440598	141711828440598
root[31, 28]	59	-3454	124654650924473	124654650924473
root[32, 27]	59	-3406	96328107912197	96328107912197
root[33, 26]	59	-3334	65221425002169	65221425002169
root[34, 25]	59	-3238	38531860401911	38531860401911
root[35, 24]	59	-3118	19746436576478	19746436576478
root[36, 23]	59	-2974	8708283138317	8708283138317
root[37, 22]	59	-2806	3269934021064	3269934021064
root[38, 21]	59	-2614	1030827326396	1030827326396
root[39, 20]	59	-2398	267718747451	267718747451
root[30, 30]	60	-3600	270223758447180	1351118797863266/5
root[29, 31]	60	-3588	253720486818290	253720486818290
root[28, 32]	60	-3552	209887512783241	839550055113209/4
root[27, 33]	60	-3492	152689354093419	458068062285185/3
root[26, 34]	60	-3408	97371084519284	97371085207419
root[25, 35]	60	-3300	54175195653525	54175195653535
root[24, 36]	60	-3168	26127388986801	78382168061681/3
root[23, 37]	60	-3012	10827854544660	10827854544660
root[22, 38]	60	-2832	3811992239424	3811992385144
root[21, 39]	60	-2628	1122853468680	3368560407140/3
root[20, 40]	60	-2400	271151789872	542303662333/2
root[31, 29]	60	-3588	253720486818290	253720486818290
root[32, 28]	60	-3552	209887512783241	839550055113209/4
root[33, 27]	60	-3492	152689354093419	458068062285185/3
root[34, 26]	60	-3408	97371084519284	97371085207419
root[35, 25]	60	-3300	54175195653525	54175195653535
root[36, 24]	60	-3168	26127388986801	78382168061681/3
root[37, 23]	60	-3012	10827854544660	10827854544660
root[38, 22]	60	-2832	3811992239424	3811992385144
root[39, 21]	60	-2628	1122853468680	3368560407140/3
root[40, 20]	60	-2400	271151789872	542303662333/2
root[30, 31]	61	-3718	499505495537386	499505495537386
root[29, 32]	61	-3694	441169486163015	441169486163015
root[28, 33]	61	-3646	343738409164860	343738409164860
root[27, 34]	61	-3574	235704518191495	235704518191495
root[26, 35]	61	-3478	141710004499549	141710004499549
root[25, 36]	61	-3358	74307270793166	74307270793166
root[24, 37]	61	-3214	33741539358200	33741539358200
root[23, 38]	61	-3046	13143472737100	13143472737100
root[22, 39]	61	-2854	4337993291880	4337993291880
root[21, 40]	61	-2638	1193415988846	1193415988846
root[31, 30]	61	-3718	499505495537386	499505495537386
root[32, 29]	61	-3694	441169486163015	441169486163015
root[33, 28]	61	-3646	343738409164860	343738409164860
root[34, 27]	61	-3574	235704518191495	235704518191495
root[35, 26]	61	-3478	141710004499549	141710004499549
root[36, 25]	61	-3358	74307270793166	74307270793166
root[37, 24]	61	-3214	33741539358200	33741539358200
root[38, 23]	61	-3046	13143472737100	13143472737100
root[39, 22]	61	-2854	4337993291880	4337993291880
root[40, 21]	61	-2638	1193415988846	1193415988846
root[31, 31]	62	-3844	952774130893583	29535998057701074/31
root[30, 32]	62	-3832	896339709587824	1792679423175213/2
root[29, 33]	62	-3796	745899052469495	745899052469495
root[28, 34]	62	-3736	548124430631175	548124432209650
root[27, 35]	62	-3652	354657966850835	354657966850835
root[26, 36]	62	-3544	201197219896119	201197220871174
root[25, 37]	62	-3412	99489938303381	99489938303381
root[24, 38]	62	-3256	42551207763680	42551208226260
root[23, 39]	62	-3076	15581271675180	15581271675180
root[22, 40]	62	-2872	4820202459066	9640405244173/2
root[21, 41]	62	-2644	1237799001850	1237799001850
root[32, 30]	62	-3832	896339709587824	1792679423175213/2
root[33, 29]	62	-3796	745899052469495	745899052469495
root[34, 28]	62	-3736	548124430631175	548124432209650
root[35, 27]	62	-3652	354657966850835	354657966850835
root[36, 26]	62	-3544	201197219896119	201197220871174
root[37, 25]	62	-3412	99489938303381	99489938303381
root[38, 24]	62	-3256	42551207763680	42551208226260
root[39, 23]	62	-3076	15581271675180	15581271675180
root[40, 22]	62	-2872	4820202459066	9640405244173/2
root[41, 21]	62	-2644	1237799001850	1237799001850
root[31, 32]	63	-3966	1763407126402945	1763407126402945
root[30, 33]	63	-3942	1563408100636229	4690224301918775/3
root[29, 34]	63	-3894	1227581042128555	1227581042128555
root[28, 35]	63	-3822	851807935011617	5962655545081332/7
root[27, 36]	63	-3726	520565969393366	4685093724561854/9
root[26, 37]	63	-3606	278857453428859	278857453428859
root[25, 38]	63	-3462	130101555000669	130101555000669
root[24, 39]	63	-3294	52423772010510	157271316035080/3
root[23, 40]	63	-3102	18045318523199	18045318523199
root[22, 41]	63	-2886	5230875571020	5230875571020
root[21, 42]	63	-2646	1252946138456	26311868915554/21
root[32, 31]	63	-3966	1763407126402945	1763407126402945
root[33, 30]	63	-3942	1563408100636229	4690224301918775/3
root[34, 29]	63	-3894	1227581042128555	1227581042128555
root[35, 28]	63	-3822	851807935011617	5962655545081332/7
root[36, 27]	63	-3726	520565969393366	4685093724561854/9
root[37, 26]	63	-3606	278857453428859	278857453428859
root[38, 25]	63	-3462	130101555000669	130101555000669
root[39, 24]	63	-3294	52423772010510	157271316035080/3
root[40, 23]	63	-3102	18045318523199	18045318523199
root[41, 22]	63	-2886	5230875571020	5230875571020
root[42, 21]	63	-2646	1252946138456	26311868915554/21
root[32, 32]	64	-4096	3364541790652466	107665337421860243/32
root[31, 33]	64	-4084	3171085992462731	3171085992462731
root[30, 34]	64	-4048	2653597801399540	2653597804771691
root[29, 35]	64	-3988	1968520911506775	1968520911506775
root[28, 36]	64	-3904	1291154168230686	1291154170614461
root[27, 37]	64	-3796	745888814967353	745888814967353
root[26, 38]	64	-3664	377520129823770	377520131143165
root[25, 39]	64	-3508	166247082410117	166247082410117
root[24, 40]	64	-3328	63122171602801	126244344323401/2
root[23, 41]	64	-3124	20422881157374	20422881157374
root[22, 42]	64	-2896	5544821808436	5544821982748
root[33, 31]	64	-4084	3171085992462731	3171085992462731
root[34, 30]	64	-4048	2653597801399540	2653597804771691
root[35, 29]	64	-3988	1968520911506775	1968520911506775
root[36, 28]	64	-3904	1291154168230686	1291154170614461
root[37, 27]	64	-3796	745888814967353	745888814967353
root[38, 26]	64	-3664	377520129823770	377520131143165
root[39, 25]	64	-3508	166247082410117	166247082410117
root[40, 24]	64	-3328	63122171602801	126244344323401/2
root[41, 23]	64	-3124	20422881157374	20422881157374
root[42, 22]	64	-2896	5544821808436	5544821982748
root[32, 33]	65	-4222	6234495321606820	6234495321606820
root[31, 34]	65	-4198	5547241572527515	5547241572527515
root[30, 35]	65	-4150	4387403443118767	21937017215593941/5
root[29, 36]	65	-4078	3078454614874221	3078454614874221
root[28, 37]	65	-3982	1910363407734319	1910363407734319
root[27, 38]	65	-3862	1043957084281749	1043957084281749
root[26, 39]	65	-3718	499491389160965	6493388059092547/13
root[25, 40]	65	-3550	207674429985722	1038372149928673/5
root[24, 41]	65	-3358	74305202327032	74305202327032
root[23, 42]	65	-3142	22592355908814	22592355908814
root[22, 43]	65	-2902	5741897972732	5741897972732
root[33, 32]	65	-4222	6234495321606820	6234495321606820
root[34, 31]	65	-4198	5547241572527515	5547241572527515
root[35, 30]	65	-4150	4387403443118767	21937017215593941/5
root[36, 29]	65	-4078	3078454614874221	3078454614874221
root[37, 28]	65	-3982	1910363407734319	1910363407734319
root[38, 27]	65	-3862	1043957084281749	1043957084281749
root[39, 26]	65	-3718	499491389160965	6493388059092547/13
root[40, 25]	65	-3550	207674429985722	1038372149928673/5
root[41, 24]	65	-3358	74305202327032	74305202327032
root[42, 23]	65	-3142	22592355908814	22592355908814
root[43, 22]	65	-2902	5741897972732	5741897972732
root[33, 33]	66	-4356	11898452889048933	130882981779607570/11
root[32, 34]	66	-4344	11233762249822056	22467524513164945/2
root[31, 35]	66	-4308	9449943024768095	9449943024768095
root[30, 36]	66	-4248	7072834001212516	21218502019879271/3
root[29, 37]	66	-4164	4698671246927210	4698671246927210
root[28, 38]	66	-4056	2760906712998390	2760906716435565
root[27, 39]	66	-3924	1428079233092155	1428079233095425
root[26, 40]	66	-3768	646181379671342	1292362762759675/2
root[25, 41]	66	-3588	253709689441135	253709689441135
root[24, 42]	66	-3384	85539408186287	85539408834300
root[23, 43]	66	-3156	24433160440910	24433160440910
root[22, 44]	66	-2904	5809089638588	127799975970155/22
root[34, 32]	66	-4344	11233762249822056	22467524513164945/2
root[35, 31]	66	-4308	9449943024768095	9449943024768095
root[36, 30]	66	-4248	7072834001212516	21218502019879271/3
root[37, 29]	66	-4164	4698671246927210	4698671246927210
root[38, 28]	66	-4056	2760906712998390	2760906716435565
root[39, 27]	66	-3924	1428079233092155	1428079233095425
root[40, 26]	66	-3768	646181379671342	1292362762759675/2
root[41, 25]	66	-3588	253709689441135	253709689441135
root[42, 24]	66	-3384	85539408186287	85539408834300
root[43, 23]	66	-3156	24433160440910	24433160440910
root[44, 22]	66	-2904	5809089638588	127799975970155/22
root[33, 34]	67	-4486	22072340589931420	22072340589931420
root[32, 35]	67	-4462	19705623025678514	19705623025678514
root[31, 36]	67	-4414	15692375421684297	15692375421684297
root[30, 37]	67	-4342	11126497000913308	11126497000913308
root[29, 38]	67	-4246	7004566186908340	7004566186908340
root[28, 39]	67	-4126	3899902217945155	3899902217945155
root[27, 40]	67	-3982	1910334444412334	1910334444412334
root[26, 41]	67	-3814	817722632524199	817722632524199
root[25, 42]	67	-3622	303224042198063	303224042198063
root[24, 43]	67	-3406	96323026115760	96323026115760
root[23, 44]	67	-3166	25836521675445	25836521675445
root[34, 33]	67	-4486	22072340589931420	22072340589931420
root[35, 32]	67	-4462	19705623025678514	19705623025678514
root[36, 31]	67	-4414	15692375421684297	15692375421684297
root[37, 30]	67	-4342	11126497000913308	11126497000913308
root[38, 29]	67	-4246	7004566186908340	7004566186908340
root[39, 28]	67	-4126	3899902217945155	3899902217945155
root[40, 27]	67	-3982	1910334444412334	1910334444412334
root[41, 26]	67	-3814	817722632524199	817722632524199
root[42, 25]	67	-3622	303224042198063	303224042198063
root[43, 24]	67	-3406	96323026115760	96323026115760
root[44, 23]	67	-3166	25836521675445	25836521675445
root[34, 34]	68	-4624	42135325856763783	716300539782501650/17
root[33, 35]	68	-4612	39846570456886910	39846570456886910
root[32, 36]	68	-4576	33685369457142104	134741477874506423/4
root[31, 37]	68	-4516	25423782477382216	25423782477382216
root[30, 38]	68	-4432	17093635454542664	17093635462820624
root[29, 39]	68	-4324	10205553765779320	10205553765779320
root[28, 40]	68	-4192	5387224326886279	10774448663259329/2
root[27, 41]	68	-4036	2500103215669655	2500103215669655
root[26, 42]	68	-3856	1012626207597534	1012626209718209
root[25, 43]	68	-3652	354643148113359	354643148113359
root[24, 44]	68	-3424	106120655404671	212241312243625/2
root[23, 45]	68	-3172	26715853910208	26715853910208
root[35, 33]	68	-4612	39846570456886910	39846570456886910
root[36, 32]	68	-4576	33685369457142104	134741477874506423/4
root[37, 31]	68	-4516	25423782477382216	25423782477382216
root[38, 30]	68	-4432	17093635454542664	17093635462820624
root[39, 29]	68	-4324	10205553765779320	10205553765779320
root[40, 28]	68	-4192	5387224326886279	10774448663259329/2
root[41, 27]	68	-4036	2500103215669655	2500103215669655
root[42, 26]	68	-3856	1012626207597534	1012626209718209
root[43, 25]	68	-3652	354643148113359	354643148113359
root[44, 24]	68	-3424	106120655404671	212241312243625/2
root[45, 23]	68	-3172	26715853910208	26715853910208
root[34, 35]	69	-4758	78245458570980232	78245458570980232
root[33, 36]	69	-4734	70078454890250202	210235364670783382/3
root[32, 37]	69	-4686	56167131688487171	56167131688487171
root[31, 38]	69	-4614	40219156860979728	40219156860979728
root[30, 39]	69	-4518	25663929141573918	76991787424745744/3
root[29, 40]	69	-4398	14541198451128206	14541198451128206
root[28, 41]	69	-4254	7281250042213823	7281250042213823
root[27, 42]	69	-4086	3202443050082449	9607329150259937/3
root[26, 43]	69	-3894	1227528602841339	1227528602841339
root[25, 44]	69	-3678	406005683321783	406005683321783
root[24, 45]	69	-3438	114405663587840	343216990768030/3
root[23, 46]	69	-3174	27015383420005	621353818660116/23
root[35, 34]	69	-4758	78245458570980232	78245458570980232
root[36, 33]	69	-4734	70078454890250202	210235364670783382/3
root[37, 32]	69	-4686	56167131688487171	56167131688487171
root[38, 31]	69	-4614	40219156860979728	40219156860979728
root[39, 30]	69	-4518	25663929141573918	76991787424745744/3
root[40, 29]	69	-4398	14541198451128206	14541198451128206
root[41, 28]	69	-4254	7281250042213823	7281250042213823
root[42, 27]	69	-4086	3202443050082449	9607329150259937/3
root[43, 26]	69	-3894	1227528602841339	1227528602841339
root[44, 25]	69	-3678	406005683321783	406005683321783
root[45, 24]	69	-3438	114405663587840	343216990768030/3
root[46, 23]	69	-3174	27015383420005	621353818660116/23
root[35, 35]	70	-4900	149403039659131855	5229106388069616406/35
root[34, 36]	70	-4888	141505931581923234	141505931604896640
root[33, 37]	70	-4852	120185442944382158	120185442944382158
root[32, 38]	70	-4792	91428110020918504	182856220079040453/2
root[31, 39]	70	-4708	62170596402157780	62170596402157780
root[30, 40]	70	-4600	37678989349196615	376789893613195277/10
root[29, 41]	70	-4468	20272515763912927	20272515763912927
root[28, 42]	70	-4312	9633312433504766	67433187078475403/7
root[27, 43]	70	-4132	4016469757428239	4016469757428239
root[26, 44]	70	-3928	1457081093271530	1457081095798125
root[25, 45]	70	-3700	455071749141947	2275358745709807/5
root[24, 46]	70	-3448	120705807405321	120705808168197
root[36, 34]	70	-4888	141505931581923234	141505931604896640
root[37, 33]	70	-4852	120185442944382158	120185442944382158
root[38, 32]	70	-4792	91428110020918504	182856220079040453/2
root[39, 31]	70	-4708	62170596402157780	62170596402157780
root[40, 30]	70	-4600	37678989349196615	376789893613195277/10
root[41, 29]	70	-4468	20272515763912927	20272515763912927
root[42, 28]	70	-4312	9633312433504766	67433187078475403/7
root[43, 27]	70	-4132	4016469757428239	4016469757428239
root[44, 26]	70	-3928	1457081093271530	1457081095798125
root[45, 25]	70	-3700	455071749141947	2275358745709807/5
root[46, 24]	70	-3448	120705807405321	120705808168197
root[35, 36]	71	-5038	277716564724567494	277716564724567494
root[34, 37]	71	-5014	249479641728137760	249479641728137760
root[33, 38]	71	-4966	201176522931254720	201176522931254720
root[32, 39]	71	-4894	145401155653133145	145401155653133145
root[31, 40]	71	-4798	93969348780528135	93969348780528135
root[30, 41]	71	-4678	54126878415960487	54126878415960487
root[29, 42]	71	-4534	27667694355523335	27667694355523335
root[28, 43]	71	-4366	12481140505762395	12481140505762395
root[27, 44]	71	-4174	4933946207037195	4933946207037195
root[26, 45]	71	-3958	1694023744229259	1694023744229259
root[25, 46]	71	-3718	499474897060699	499474897060699
root[24, 47]	71	-3454	124646759559250	124646759559250
root[36, 35]	71	-5038	277716564724567494	277716564724567494
root[37, 34]	71	-5014	249479641728137760	249479641728137760
root[38, 33]	71	-4966	201176522931254720	201176522931254720
root[39, 32]	71	-4894	145401155653133145	145401155653133145
root[40, 31]	71	-4798	93969348780528135	93969348780528135
root[41, 30]	71	-4678	54126878415960487	54126878415960487
root[42, 29]	71	-4534	27667694355523335	27667694355523335
root[43, 28]	71	-4366	12481140505762395	12481140505762395
root[44, 27]	71	-4174	4933946207037195	4933946207037195
root[45, 26]	71	-3958	1694023744229259	1694023744229259
root[46, 25]	71	-3718	499474897060699	499474897060699
root[47, 24]	71	-3454	124646759559250	124646759559250
root[36, 36]	72	-5184	530393885636590007	4773544971121207226/9
root[35, 37]	72	-5172	503092991874766810	503092991874766810
root[34, 38]	72	-5136	429183024947899540	429183024987185470
root[33, 39]	72	-5076	328935662944157570	328935662944175250
root[32, 40]	72	-4992	226074412685357485	1808595301713367519/8
root[31, 41]	72	-4884	138963602063991375	138963602063991375
root[30, 42]	72	-4752	76118897280267191	76118897297303961
root[29, 43]	72	-4596	36982020057633135	36982020057633135
root[28, 44]	72	-4416	15841790990652030	15841790998631705
root[27, 45]	72	-4212	5938299664880795	5938299664885875
root[26, 46]	72	-3984	1929467899392560	1929467902284905
root[25, 47]	72	-3732	536904593710595	536904593710595
root[24, 48]	72	-3456	125988047175515	3023713150938865/24
root[37, 35]	72	-5172	503092991874766810	503092991874766810
root[38, 34]	72	-5136	429183024947899540	429183024987185470
root[39, 33]	72	-5076	328935662944157570	328935662944175250
root[40, 32]	72	-4992	226074412685357485	1808595301713367519/8
root[41, 31]	72	-4884	138963602063991375	138963602063991375
root[42, 30]	72	-4752	76118897280267191	76118897297303961
root[43, 29]	72	-4596	36982020057633135	36982020057633135
root[44, 28]	72	-4416	15841790990652030	15841790998631705
root[45, 27]	72	-4212	5938299664880795	5938299664885875
root[46, 26]	72	-3984	1929467899392560	1929467902284905
root[47, 25]	72	-3732	536904593710595	536904593710595
root[48, 24]	72	-3456	125988047175515	3023713150938865/24
root[36, 37]	73	-5326	986840951176337078	986840951176337078
root[35, 38]	73	-5302	889034951656082584	889034951656082584
root[34, 39]	73	-5254	721046489255133520	721046489255133520
root[33, 40]	73	-5182	525741879754345992	525741879754345992
root[32, 41]	73	-5086	343881629536234362	343881629536234362
root[31, 42]	73	-4966	201173731098209343	201173731098209343
root[30, 43]	73	-4822	104844528726245727	104844528726245727
root[29, 44]	73	-4654	48432524992758335	48432524992758335
root[28, 45]	73	-4462	19704788573369599	19704788573369599
root[27, 46]	73	-4246	7004277710812223	7004277710812223
root[26, 47]	73	-4006	2153386254746279	2153386254746279
root[25, 48]	73	-3742	565300298311952	565300298311952
root[37, 36]	73	-5326	986840951176337078	986840951176337078
root[38, 35]	73	-5302	889034951656082584	889034951656082584
root[39, 34]	73	-5254	721046489255133520	721046489255133520
root[40, 33]	73	-5182	525741879754345992	525741879754345992
root[41, 32]	73	-5086	343881629536234362	343881629536234362
root[42, 31]	73	-4966	201173731098209343	201173731098209343
root[43, 30]	73	-4822	104844528726245727	104844528726245727
root[44, 29]	73	-4654	48432524992758335	48432524992758335
root[45, 28]	73	-4462	19704788573369599	19704788573369599
root[46, 27]	73	-4246	7004277710812223	7004277710812223
root[47, 26]	73	-4006	2153386254746279	2153386254746279
root[48, 25]	73	-3742	565300298311952	565300298311952
root[37, 37]	74	-5476	1885102282214785597	69748784441947067090/37
root[36, 38]	74	-5464	1790548072608780410	1790548072687212420
root[35, 39]	74	-5428	1533896986919629690	1533896986919629690
root[34, 40]	74	-5368	1183946070567734992	2367892141263861585/2
root[33, 41]	74	-5284	821967364459665445	821967364459665445
root[32, 42]	74	-5176	512030072432906054	1024060144951388213/2
root[31, 43]	74	-5044	285244843618600923	285244843618600923
root[30, 44]	74	-4888	141501954710935594	141501954733908749
root[29, 45]	74	-4708	62168777704417457	62168777704417457
root[28, 46]	74	-4504	24026343183996971	24026343193752941
root[27, 47]	74	-4276	8098406801932435	8098406801932435
root[26, 48]	74	-4024	2355280760333984	4710561527035713/2
root[25, 49]	74	-3748	583035048216923	583035048216923
root[38, 36]	74	-5464	1790548072608780410	1790548072687212420
root[39, 35]	74	-5428	1533896986919629690	1533896986919629690
root[40, 34]	74	-5368	1183946070567734992	2367892141263861585/2
root[41, 33]	74	-5284	821967364459665445	821967364459665445
root[42, 32]	74	-5176	512030072432906054	1024060144951388213/2
root[43, 31]	74	-5044	285244843618600923	285244843618600923
root[44, 30]	74	-4888	141501954710935594	141501954733908749
root[45, 29]	74	-4708	62168777704417457	62168777704417457
root[46, 28]	74	-4504	24026343183996971	24026343193752941
root[47, 27]	74	-4276	8098406801932435	8098406801932435
root[48, 26]	74	-4024	2355280760333984	4710561527035713/2
root[49, 25]	74	-3748	583035048216923	583035048216923
root[37, 38]	75	-5622	3510495752529927668	3510495752529927668
root[36, 39]	75	-5598	3171131699910421338	9513395099731371626/3
root[35, 40]	75	-5550	2586008562732820084	12930042813664100741/5
root[34, 41]	75	-5478	1901317941616625211	1901317941616625211
root[33, 42]	75	-5382	1257838465039781663	1257838465039808531
root[32, 43]	75	-5262	746696963304212776	746696963304212776
root[31, 44]	75	-5118	396317015057763511	396317015057763511
root[30, 45]	75	-4950	187204034573310304	936020172866625886/5
root[29, 46]	75	-4758	78242164511679193	78242164511679193
root[28, 47]	75	-4542	28725569579595471	28725569579595471
root[27, 48]	75	-4302	9180338133204105	27541014399629756/3
root[26, 49]	75	-4038	2524971206410589	2524971206410589
root[25, 50]	75	-3750	589066306022251	14726657650556651/25
root[38, 37]	75	-5622	3510495752529927668	3510495752529927668
root[39, 36]	75	-5598	3171131699910421338	9513395099731371626/3
root[40, 35]	75	-5550	2586008562732820084	12930042813664100741/5
root[41, 34]	75	-5478	1901317941616625211	1901317941616625211
root[42, 33]	75	-5382	1257838465039781663	1257838465039808531
root[43, 32]	75	-5262	746696963304212776	746696963304212776
root[44, 31]	75	-5118	396317015057763511	396317015057763511
root[45, 30]	75	-4950	187204034573310304	936020172866625886/5
root[46, 29]	75	-4758	78242164511679193	78242164511679193
root[47, 28]	75	-4542	28725569579595471	28725569579595471
root[48, 27]	75	-4302	9180338133204105	27541014399629756/3
root[49, 26]	75	-4038	2524971206410589	2524971206410589
root[50, 25]	75	-3750	589066306022251	14726657650556651/25
root[38, 38]	76	-5776	6707215815920680861	127437100505318639930/19
root[37, 39]	76	-5764	6379166815922928110	6379166815922928110
root[36, 40]	76	-5728	5486518026775997259	10973036053821841861/2
root[35, 41]	76	-5668	4263244130704426537	4263244130704426537
root[34, 42]	76	-5584	2988219642814719418	2988219642915233535
root[33, 43]	76	-5476	1885077475140039745	1885077475140039745
root[32, 44]	76	-5344	1067013090392243172	4268052361813149305/4
root[31, 45]	76	-5188	539797387597479451	539797387597479451
root[30, 46]	76	-5008	242862914082493567	242862914112322464
root[29, 47]	76	-4804	96576840894228185	96576840894228185
root[28, 48]	76	-4576	33683561094320145	134734244423217075/4
root[27, 49]	76	-4324	10205060278123755	10205060278123755
root[26, 50]	76	-4048	2653424831988484	2653424835360479
root[39, 37]	76	-5764	6379166815922928110	6379166815922928110
root[40, 36]	76	-5728	5486518026775997259	10973036053821841861/2
root[41, 35]	76	-5668	4263244130704426537	4263244130704426537
root[42, 34]	76	-5584	2988219642814719418	2988219642915233535
root[43, 33]	76	-5476	1885077475140039745	1885077475140039745
root[44, 32]	76	-5344	1067013090392243172	4268052361813149305/4
root[45, 31]	76	-5188	539797387597479451	539797387597479451
root[46, 30]	76	-5008	242862914082493567	242862914112322464
root[47, 29]	76	-4804	96576840894228185	96576840894228185
root[48, 28]	76	-4576	33683561094320145	134734244423217075/4
root[49, 27]	76	-4324	10205060278123755	10205060278123755
root[50, 26]	76	-4048	2653424831988484	2653424835360479
root[38, 39]	77	-5926	12500889547533358680	12500889547533358680
root[37, 40]	77	-5902	11321437613323907906	11321437613323907906
root[36, 41]	77	-5854	9280418683235053685	9280418683235053685
root[35, 42]	77	-5782	6877340421103031647	48141382947721221565/7
root[34, 43]	77	-5686	4598995968231798235	4598995968231798235
root[33, 44]	77	-5566	2768172846698861220	30449901313687473425/11
root[32, 45]	77	-5422	1494747382786741003	1494747382786741003
root[31, 46]	77	-5254	721025862563063366	721025862563063366
root[30, 47]	77	-5062	309060239615612394	309060239615612394
root[29, 48]	77	-4846	116946089534482310	116946089534482310
root[28, 49]	77	-4606	38745956625986445	271221696381905135/7
root[27, 50]	77	-4342	11125840808166791	11125840808166791
root[26, 51]	77	-4054	2733535355395729	2733535355395729
root[39, 38]	77	-5926	12500889547533358680	12500889547533358680
root[40, 37]	77	-5902	11321437613323907906	11321437613323907906
root[41, 36]	77	-5854	9280418683235053685	9280418683235053685
root[42, 35]	77	-5782	6877340421103031647	48141382947721221565/7
root[43, 34]	77	-5686	4598995968231798235	4598995968231798235
root[44, 33]	77	-5566	2768172846698861220	30449901313687473425/11
root[45, 32]	77	-5422	1494747382786741003	1494747382786741003
root[46, 31]	77	-5254	721025862563063366	721025862563063366
root[47, 30]	77	-5062	309060239615612394	309060239615612394
root[48, 29]	77	-4846	116946089534482310	116946089534482310
root[49, 28]	77	-4606	38745956625986445	271221696381905135/7
root[50, 27]	77	-4342	11125840808166791	11125840808166791
root[51, 26]	77	-4054	2733535355395729	2733535355395729
root[39, 39]	78	-6084	23888905637929243839	931667319879243142660/39
root[38, 40]	78	-6072	22748886365897921718	45497772732333617677/2
root[37, 41]	78	-6036	19639451752951951465	19639451752951951465
root[36, 42]	78	-5976	15357941243062835319	15357941243285129001
root[35, 43]	78	-5892	10862772266175844465	10862772266175844465
root[34, 44]	78	-5784	6934949211420226494	6934949211571374735
root[33, 45]	78	-5652	3984962068525515867	3984962068525554395
root[32, 46]	78	-5496	2053612516344160809	2053612516427976500
root[31, 47]	78	-5316	944837447273256090	944837447273256090
root[30, 48]	78	-5112	385913783444439804	2315482700890654019/6
root[29, 49]	78	-4884	138957953741937585	138957953741937585
root[28, 50]	78	-4632	43729292602208388	43729292615234903
root[27, 51]	78	-4356	11897647383029615	11897647383035915
root[26, 52]	78	-4056	2760759759948087	35889876924006400/13
root[40, 38]	78	-6072	22748886365897921718	45497772732333617677/2
root[41, 37]	78	-6036	19639451752951951465	19639451752951951465
root[42, 36]	78	-5976	15357941243062835319	15357941243285129001
root[43, 35]	78	-5892	10862772266175844465	10862772266175844465
root[44, 34]	78	-5784	6934949211420226494	6934949211571374735
root[45, 33]	78	-5652	3984962068525515867	3984962068525554395
root[46, 32]	78	-5496	2053612516344160809	2053612516427976500
root[47, 31]	78	-5316	944837447273256090	944837447273256090
root[48, 30]	78	-5112	385913783444439804	2315482700890654019/6
root[49, 29]	78	-4884	138957953741937585	138957953741937585
root[50, 28]	78	-4632	43729292602208388	43729292615234903
root[51, 27]	78	-4356	11897647383029615	11897647383035915
root[52, 26]	78	-4056	2760759759948087	35889876924006400/13
root[39, 40]	79	-6238	44559643584525084435	44559643584525084435
root[38, 41]	79	-6214	40454074078747626115	40454074078747626115
root[37, 42]	79	-6166	33324733693656556075	33324733693656556075
root[36, 43]	79	-6094	24881399092191214469	24881399092191214469
root[35, 44]	79	-5998	16809271008059181179	16809271008059181179
root[34, 45]	79	-5878	10251121551724325266	10251121551724325266
root[33, 46]	79	-5734	5626168643218582391	5626168643218582391
root[32, 47]	79	-5566	2768132137851869469	2768132137851869469
root[31, 48]	79	-5374	1215038758419884619	1215038758419884619
root[30, 49]	79	-5158	472954538510049064	472954538510049064
root[29, 50]	79	-4918	162053609110756801	162053609110756801
root[28, 51]	79	-4654	48430989523195597	48430989523195597
root[27, 52]	79	-4366	12480711482570952	12480711482570952
root[40, 39]	79	-6238	44559643584525084435	44559643584525084435
root[41, 38]	79	-6214	40454074078747626115	40454074078747626115
root[42, 37]	79	-6166	33324733693656556075	33324733693656556075
root[43, 36]	79	-6094	24881399092191214469	24881399092191214469
root[44, 35]	79	-5998	16809271008059181179	16809271008059181179
root[45, 34]	79	-5878	10251121551724325266	10251121551724325266
root[46, 33]	79	-5734	5626168643218582391	5626168643218582391
root[47, 32]	79	-5566	2768132137851869469	2768132137851869469
root[48, 31]	79	-5374	1215038758419884619	1215038758419884619
root[49, 30]	79	-5158	472954538510049064	472954538510049064
root[50, 29]	79	-4918	162053609110756801	162053609110756801
root[51, 28]	79	-4654	48430989523195597	48430989523195597
root[52, 27]	79	-4366	12480711482570952	12480711482570952
root[40, 40]	80	-6400	85167586923836340640	85167586924346598111
root[39, 41]	80	-6388	81199639540218243445	81199639540218243445
root[38, 42]	80	-6352	70352534209636618986	70352534210101669271
root[37, 43]	80	-6292	55348673293436719173	55348673293436719173
root[36, 44]	80	-6208	39486833962908084632	39486833963259454773
root[35, 45]	80	-6100	25496103443261046745	25496103443261046841
root[34, 46]	80	-5968	14861005007109469763	14861005007328188200
root[33, 47]	80	-5812	7793527718765526765	7793527718765526765
root[32, 48]	80	-5632	3662046635271121197	29296373083056331425/8
root[31, 49]	80	-5428	1533832309206215295	1533832309206215295
root[30, 50]	80	-5200	569030332855896124	2845151664504629146/5
root[29, 51]	80	-4948	185520953139523193	185520953139523193
root[28, 52]	80	-4672	52642337435931435	52642337450178752
root[27, 53]	80	-4372	12843851433723365	12843851433723365
root[41, 39]	80	-6388	81199639540218243445	81199639540218243445
root[42, 38]	80	-6352	70352534209636618986	70352534210101669271
root[43, 37]	80	-6292	55348673293436719173	55348673293436719173
root[44, 36]	80	-6208	39486833962908084632	39486833963259454773
root[45, 35]	80	-6100	25496103443261046745	25496103443261046841
root[46, 34]	80	-5968	14861005007109469763	14861005007328188200
root[47, 33]	80	-5812	7793527718765526765	7793527718765526765
root[48, 32]	80	-5632	3662046635271121197	29296373083056331425/8
root[49, 31]	80	-5428	1533832309206215295	1533832309206215295
root[50, 30]	80	-5200	569030332855896124	2845151664504629146/5
root[51, 29]	80	-4948	185520953139523193	185520953139523193
root[52, 28]	80	-4672	52642337435931435	52642337450178752
root[53, 27]	80	-4372	12843851433723365	12843851433723365
root[40, 41]	81	-6558	158982625287692532131	158982625287692532131
root[39, 42]	81	-6534	144670221924388606605	144670221924388725435
root[38, 43]	81	-6486	119734219175400929395	119734219175400929395
root[37, 44]	81	-6414	90037084458427025235	90037084458427025235
root[36, 45]	81	-6318	61419274550238243142	552773470952145005422/9
root[35, 46]	81	-6198	37925067428037023949	37925067428037023949
root[34, 47]	81	-6054	21137749563129139020	21137749563129139020
root[33, 48]	81	-5886	10596178787364726164	31788536362094335475/3
root[32, 49]	81	-5694	4756285899012648595	4756285899012648595
root[31, 50]	81	-5478	1901237898423091255	1901237898423091255
root[30, 51]	81	-5238	672252159770890752	2016756479312738540/3
root[29, 52]	81	-4974	208524386833434050	208524386833434050
root[28, 53]	81	-4686	56163394000479775	56163394000479775
root[27, 54]	81	-4374	12967176341654845	350113761224855515/27
root[41, 40]	81	-6558	158982625287692532131	158982625287692532131
root[42, 39]	81	-6534	144670221924388606605	144670221924388725435
root[43, 38]	81	-6486	119734219175400929395	119734219175400929395
root[44, 37]	81	-6414	90037084458427025235	90037084458427025235
root[45, 36]	81	-6318	61419274550238243142	552773470952145005422/9
root[46, 35]	81	-6198	37925067428037023949	37925067428037023949
root[47, 34]	81	-6054	21137749563129139020	21137749563129139020
root[48, 33]	81	-5886	10596178787364726164	31788536362094335475/3
root[49, 32]	81	-5694	4756285899012648595	4756285899012648595
root[50, 31]	81	-5478	1901237898423091255	1901237898423091255
root[51, 30]	81	-5238	672252159770890752	2016756479312738540/3
root[52, 29]	81	-4974	208524386833434050	208524386833434050
root[53, 28]	81	-4686	56163394000479775	56163394000479775
root[54, 27]	81	-4374	12967176341654845	350113761224855515/27
root[41, 41]	82	-6724	303917495712755760685	12460617324222986188086/41
root[40, 42]	82	-6712	290086067479747724966	580172134961346032583/2
root[39, 43]	82	-6676	252193987021067679265	252193987021067679265
root[38, 44]	82	-6616	199553580794947511330	199553580795719048835
root[37, 45]	82	-6532	143535338335396253327	143535338335396253327
root[36, 46]	82	-6424	93681244936385198783	93681244936919614468
root[35, 47]	82	-6292	55347901370631950031	55347901370631950031
root[34, 48]	82	-6136	29510301997717988195	59020603996046112285/2
root[33, 49]	82	-5956	14145109628592050770	14145109628592050770
root[32, 50]	82	-5752	6066600633938676688	6066600634080334968
root[31, 51]	82	-5524	2314573084416886495	2314573084416886495
root[30, 52]	82	-5272	779997296656657162	779997296709110627
root[29, 53]	82	-4996	230149888029782065	230149888029782065
root[28, 54]	82	-4696	58818361084887310	58818361099918785
root[42, 40]	82	-6712	290086067479747724966	580172134961346032583/2
root[43, 39]	82	-6676	252193987021067679265	252193987021067679265
root[44, 38]	82	-6616	199553580794947511330	199553580795719048835
root[45, 37]	82	-6532	143535338335396253327	143535338335396253327
root[46, 36]	82	-6424	93681244936385198783	93681244936919614468
root[47, 35]	82	-6292	55347901370631950031	55347901370631950031
root[48, 34]	82	-6136	29510301997717988195	59020603996046112285/2
root[49, 33]	82	-5956	14145109628592050770	14145109628592050770
root[50, 32]	82	-5752	6066600633938676688	6066600634080334968
root[51, 31]	82	-5524	2314573084416886495	2314573084416886495
root[52, 30]	82	-5272	779997296656657162	779997296709110627
root[53, 29]	82	-4996	230149888029782065	230149888029782065
root[54, 28]	82	-4696	58818361084887310	58818361099918785
root[41, 42]	83	-6886	567734330835312758798	567734330835312758798
root[40, 43]	83	-6862	517769170757670056220	517769170757670056220
root[39, 44]	83	-6814	430441087036044267555	430441087036044267555
root[38, 45]	83	-6742	325884251970174730758	325884251970174730758
root[37, 46]	83	-6646	224362343486368718659	224362343486368718659
root[36, 47]	83	-6526	140184568948139904310	140184568948139904310
root[35, 48]	83	-6382	79282608675151327360	79282608675151327360
root[34, 49]	83	-6214	40452940334330550080	40452940334330550080
root[33, 50]	83	-6022	18545607544771864990	18545607544771864990
root[32, 51]	83	-5806	7601011964684089171	7601011964684089171
root[31, 52]	83	-5566	2768061670167654216	2768061670167654216
root[30, 53]	83	-5302	888978816048378256	888978816048378256
root[29, 54]	83	-5014	249462472937935425	249462472937935425
root[28, 55]	83	-4702	60469831591964539	60469831591964539
root[42, 41]	83	-6886	567734330835312758798	567734330835312758798
root[43, 40]	83	-6862	517769170757670056220	517769170757670056220
root[44, 39]	83	-6814	430441087036044267555	430441087036044267555
root[45, 38]	83	-6742	325884251970174730758	325884251970174730758
root[46, 37]	83	-6646	224362343486368718659	224362343486368718659
root[47, 36]	83	-6526	140184568948139904310	140184568948139904310
root[48, 35]	83	-6382	79282608675151327360	79282608675151327360
root[49, 34]	83	-6214	40452940334330550080	40452940334330550080
root[50, 33]	83	-6022	18545607544771864990	18545607544771864990
root[51, 32]	83	-5806	7601011964684089171	7601011964684089171
root[52, 31]	83	-5566	2768061670167654216	2768061670167654216
root[53, 30]	83	-5302	888978816048378256	888978816048378256
root[54, 29]	83	-5014	249462472937935425	249462472937935425
root[55, 28]	83	-4702	60469831591964539	60469831591964539
root[42, 42]	84	-7056	1085477914653642982866	7598345402587802334790/7
root[41, 43]	84	-7044	1037195936348664760870	1037195936348664760870
root[40, 44]	84	-7008	904652639298311491611	1809305278599839305513/2
root[39, 45]	84	-6948	719757931418167925535	2159273794254504367135/3
root[38, 46]	84	-6864	521759130872743158471	521759130873973871856
root[37, 47]	84	-6756	344039264550333575015	344039264550333575015
root[36, 48]	84	-6624	205890351662473618412	1235342109979542565673/6
root[35, 49]	84	-6468	111512281132987667440	780585967930913672130/7
root[34, 50]	84	-6288	54466929442762118007	54466929443172843182
root[33, 51]	84	-6084	23887906104808007086	71663718314424223790/3
root[32, 52]	84	-5856	9357303067299879873	18714606134949303437/2
root[31, 53]	84	-5604	3252638024367658125	3252638024367658125
root[30, 54]	84	-5328	995384540601036481	995384540660085598
root[29, 55]	84	-5028	265571302593598945	265571302593598945
root[28, 56]	84	-4704	61030330881844779	854424632560053601/14
root[43, 41]	84	-7044	1037195936348664760870	1037195936348664760870
root[44, 40]	84	-7008	904652639298311491611	1809305278599839305513/2
root[45, 39]	84	-6948	719757931418167925535	2159273794254504367135/3
root[46, 38]	84	-6864	521759130872743158471	521759130873973871856
root[47, 37]	84	-6756	344039264550333575015	344039264550333575015
root[48, 36]	84	-6624	205890351662473618412	1235342109979542565673/6
root[49, 35]	84	-6468	111512281132987667440	780585967930913672130/7
root[50, 34]	84	-6288	54466929442762118007	54466929443172843182
root[51, 33]	84	-6084	23887906104808007086	71663718314424223790/3
root[52, 32]	84	-5856	9357303067299879873	18714606134949303437/2
root[53, 31]	84	-5604	3252638024367658125	3252638024367658125
root[54, 30]	84	-5328	995384540601036481	995384540660085598
root[55, 29]	84	-5028	265571302593598945	265571302593598945
root[56, 28]	84	-4704	61030330881844779	854424632560053601/14
root[42, 43]	85	-7222	2029130335867204156774	2029130335867204156774
root[41, 44]	85	-7198	1854463995506294970678	1854463995506294970678
root[40, 45]	85	-7150	1548262905344541943447	1548262905344541943646
root[39, 46]	85	-7078	1179785042625059428985	1179785042625059428985
root[38, 47]	85	-6982	819411212857083852706	819411212857083852706
root[37, 48]	85	-6862	517762204565509721279	517762204565509721279
root[36, 49]	85	-6718	296916657724298594105	296916657724298594105
root[35, 50]	85	-6550	154059622243466782230	154059622243466782362
root[34, 51]	85	-6358	72053551192065769558	1224910370265118082488/17
root[33, 52]	85	-6142	30236490313646418487	30236490313646418487
root[32, 53]	85	-5902	11320825587690655770	11320825587690655770
root[31, 54]	85	-5638	3756004469318503285	3756004469318503285
root[30, 55]	85	-5350	1095080561275660312	5475402806378301836/5
root[29, 56]	85	-5038	277696312626677399	277696312626677399
root[43, 42]	85	-7222	2029130335867204156774	2029130335867204156774
root[44, 41]	85	-7198	1854463995506294970678	1854463995506294970678
root[45, 40]	85	-7150	1548262905344541943447	1548262905344541943646
root[46, 39]	85	-7078	1179785042625059428985	1179785042625059428985
root[47, 38]	85	-6982	819411212857083852706	819411212857083852706
root[48, 37]	85	-6862	517762204565509721279	517762204565509721279
root[49, 36]	85	-6718	296916657724298594105	296916657724298594105
root[50, 35]	85	-6550	154059622243466782230	154059622243466782362
root[51, 34]	85	-6358	72053551192065769558	1224910370265118082488/17
root[52, 33]	85	-6142	30236490313646418487	30236490313646418487
root[53, 32]	85	-5902	11320825587690655770	11320825587690655770
root[54, 31]	85	-5638	3756004469318503285	3756004469318503285
root[55, 30]	85	-5350	1095080561275660312	5475402806378301836/5
root[56, 29]	85	-5038	277696312626677399	277696312626677399
root[43, 43]	86	-7396	3880183177061768761563	166847876613656056747210/43
root[42, 44]	86	-7384	3711414598402694803580	3711414598405889773010
root[41, 45]	86	-7348	3247202761707611013832	3247202761707611013832
root[40, 46]	86	-7288	2597074706966836395807	5194149413939043988785/2
root[39, 47]	86	-7204	1896681546040253086005	1896681546040253086005
root[38, 48]	86	-7096	1262888201955980850085	2525776403915744370775/2
root[37, 49]	86	-6964	765067671606026294710	765067671606026294710
root[36, 50]	86	-6808	420588597753544855553	420588597754653176971
root[35, 51]	86	-6628	209130783542293467050	209130783542293467050
root[34, 52]	86	-6424	93678564482858485034	93678564483392891850
root[33, 53]	86	-6196	37618810486395729700	37618810486395729700
root[32, 54]	86	-5944	13462916743630970315	13462916743839454745
root[31, 55]	86	-5668	4262978735952040445	4262978735952040445
root[30, 56]	86	-5368	1183866104983759231	2367732210095904207/2
root[29, 57]	86	-5044	285229578170909055	285229578170909055
root[44, 42]	86	-7384	3711414598402694803580	3711414598405889773010
root[45, 41]	86	-7348	3247202761707611013832	3247202761707611013832
root[46, 40]	86	-7288	2597074706966836395807	5194149413939043988785/2
root[47, 39]	86	-7204	1896681546040253086005	1896681546040253086005
root[48, 38]	86	-7096	1262888201955980850085	2525776403915744370775/2
root[49, 37]	86	-6964	765067671606026294710	765067671606026294710
root[50, 36]	86	-6808	420588597753544855553	420588597754653176971
root[51, 35]	86	-6628	209130783542293467050	209130783542293467050
root[52, 34]	86	-6424	93678564482858485034	93678564483392891850
root[53, 33]	86	-6196	37618810486395729700	37618810486395729700
root[54, 32]	86	-5944	13462916743630970315	13462916743839454745
root[55, 31]	86	-5668	4262978735952040445	4262978735952040445
root[56, 30]	86	-5368	1183866104983759231	2367732210095904207/2
root[57, 29]	86	-5044	285229578170909055	285229578170909055
root[43, 44]	87	-7566	7258168420291372710590	7258168420291372710590
root[42, 45]	87	-7542	6646787390201771107913	19940362170605314513819/3
root[41, 46]	87	-7494	5571900241038301961878	5571900241038301961878
root[40, 47]	87	-7422	4272101624437513479699	4272101624437513479699
root[39, 48]	87	-7326	2992096584440706950215	8976289753322121775820/3
root[38, 49]	87	-7206	1910953529306278044845	1910953529306278044845
root[37, 50]	87	-7062	1110416946456532695372	1110416946456532695372
root[36, 51]	87	-6894	585402242897605350433	585402242897605534881
root[35, 52]	87	-6702	279023555904784801249	279023555904784801249
root[34, 53]	87	-6486	119729190069345052895	119729190069345052895
root[33, 54]	87	-6246	46014415319321290208	138043245957964119400/3
root[32, 55]	87	-5982	15740211367816877930	15740211367816877930
root[31, 56]	87	-5694	4756140033845174410	4756140033845174410
root[30, 57]	87	-5382	1257759026886635740	3773277080659987820/3
root[29, 58]	87	-5046	287784824283096706	8345759904209804475/29
root[44, 43]	87	-7566	7258168420291372710590	7258168420291372710590
root[45, 42]	87	-7542	6646787390201771107913	19940362170605314513819/3
root[46, 41]	87	-7494	5571900241038301961878	5571900241038301961878
root[47, 40]	87	-7422	4272101624437513479699	4272101624437513479699
root[48, 39]	87	-7326	2992096584440706950215	8976289753322121775820/3
root[49, 38]	87	-7206	1910953529306278044845	1910953529306278044845
root[50, 37]	87	-7062	1110416946456532695372	1110416946456532695372
root[51, 36]	87	-6894	585402242897605350433	585402242897605534881
root[52, 35]	87	-6702	279023555904784801249	279023555904784801249
root[53, 34]	87	-6486	119729190069345052895	119729190069345052895
root[54, 33]	87	-6246	46014415319321290208	138043245957964119400/3
root[55, 32]	87	-5982	15740211367816877930	15740211367816877930
root[56, 31]	87	-5694	4756140033845174410	4756140033845174410
root[57, 30]	87	-5382	1257759026886635740	3773277080659987820/3
root[58, 29]	87	-5046	287784824283096706	8345759904209804475/29
root[44, 44]	88	-7744	13881380657546645103640	152695187233079878214570/11
root[43, 45]	88	-7732	13290689928266959424834	13290689928266959424834
root[42, 46]	88	-7696	11662894425261497933329	11662894425267075607131
root[41, 47]	88	-7636	9374537222190284390620	9374537222190284390620
root[40, 48]	88	-7552	6895077988670848209253	6895077988675166919525
root[39, 49]	88	-7444	4633888623258979476460	4633888623258979476460
root[38, 50]	88	-7312	2840108331284474015071	2840108331287279054687
root[37, 51]	88	-7156	1583602923087000434570	1583602923087000434570
root[36, 52]	88	-6976	800873098693299892697	800873098694815566434
root[35, 53]	88	-6772	365997532412404739656	365997532412404739656
root[34, 54]	88	-6544	150465905977243728807	150465905977916397075
root[33, 55]	88	-6292	55345702591774463258	608802728509519095844/11
root[32, 56]	88	-6016	18095081577724373650	72380326311860021729/4
root[31, 57]	88	-5716	5216748578982730715	5216748578982730715
root[30, 58]	88	-5392	1313285680536440099	1313285680603939518
root[45, 43]	88	-7732	13290689928266959424834	13290689928266959424834
root[46, 42]	88	-7696	11662894425261497933329	11662894425267075607131
root[47, 41]	88	-7636	9374537222190284390620	9374537222190284390620
root[48, 40]	88	-7552	6895077988670848209253	6895077988675166919525
root[49, 39]	88	-7444	4633888623258979476460	4633888623258979476460
root[50, 38]	88	-7312	2840108331284474015071	2840108331287279054687
root[51, 37]	88	-7156	1583602923087000434570	1583602923087000434570
root[52, 36]	88	-6976	800873098693299892697	800873098694815566434
root[53, 35]	88	-6772	365997532412404739656	365997532412404739656
root[54, 34]	88	-6544	150465905977243728807	150465905977916397075
root[55, 33]	88	-6292	55345702591774463258	608802728509519095844/11
root[56, 32]	88	-6016	18095081577724373650	72380326311860021729/4
root[57, 31]	88	-5716	5216748578982730715	5216748578982730715
root[58, 30]	88	-5392	1313285680536440099	1313285680603939518
root[44, 45]	89	-7918	25982480616122308526123	25982480616122308526123
root[43, 46]	89	-7894	23839832654005532678812	23839832654005532678812
root[42, 47]	89	-7846	20062359652801133505389	20062359652801133505389
root[41, 48]	89	-7774	15473214167119815101266	15473214167119815101266
root[40, 49]	89	-7678	10924068776468072691351	10924068776468072691351
root[39, 50]	89	-7558	7048381065966286157382	7048381065966286157382
root[38, 51]	89	-7414	4147476779764600567021	4147476779764600567021
root[37, 52]	89	-7246	2219864067772169956819	2219864067772169956819
root[36, 53]	89	-7054	1077242840991886662980	1077242840991886662980
root[35, 54]	89	-6838	472107563136250806360	472107563136250806360
root[34, 55]	89	-6598	185972547505631671059	185972547505631671059
root[33, 56]	89	-6334	65471557884416630476	65471557884416630476
root[32, 57]	89	-6046	20457345764253820254	20457345764253820254
root[31, 58]	89	-5734	5625878689223155131	5625878689223155131
root[30, 59]	89	-5398	1347746401529324072	1347746401529324072
root[45, 44]	89	-7918	25982480616122308526123	25982480616122308526123
root[46, 43]	89	-7894	23839832654005532678812	23839832654005532678812
root[47, 42]	89	-7846	20062359652801133505389	20062359652801133505389
root[48, 41]	89	-7774	15473214167119815101266	15473214167119815101266
root[49, 40]	89	-7678	10924068776468072691351	10924068776468072691351
root[50, 39]	89	-7558	7048381065966286157382	7048381065966286157382
root[51, 38]	89	-7414	4147476779764600567021	4147476779764600567021
root[52, 37]	89	-7246	2219864067772169956819	2219864067772169956819
root[53, 36]	89	-7054	1077242840991886662980	1077242840991886662980
root[54, 35]	89	-6838	472107563136250806360	472107563136250806360
root[55, 34]	89	-6598	185972547505631671059	185972547505631671059
root[56, 33]	89	-6334	65471557884416630476	65471557884416630476
root[57, 32]	89	-6046	20457345764253820254	20457345764253820254
root[58, 31]	89	-5734	5625878689223155131	5625878689223155131
root[59, 30]	89	-5398	1347746401529324072	1347746401529324072
root[45, 45]	90	-8100	49698888147389558296540	447289993326506031413230/9
root[44, 46]	90	-8088	47628908816052737597355	47628908816063803908513
root[43, 47]	90	-8052	41914303031189327439190	41914303031189327439190
root[42, 48]	90	-7992	33851582640482777845091	101554747921476447891209/3
root[41, 49]	90	-7908	25067475232394857476570	25067475232394857476570
root[40, 50]	90	-7800	16996906925730876544746	33993813851475153224463/2
root[39, 51]	90	-7668	10533652441952413217790	31600957325857241029640/3
root[38, 52]	90	-7512	5953198425974653243266	5953198425978674047578
root[37, 53]	90	-7332	3059579079164709137730	3059579079164709137730
root[36, 54]	90	-7128	1425025481430092480556	12825229332888886168340/9
root[35, 55]	90	-6900	599006451707882000792	599006451707882000960
root[34, 56]	90	-6648	226109259744097140955	226109259744916945398
root[33, 57]	90	-6372	76185073254332589295	228555219762998059325/3
root[32, 58]	90	-6072	22747264856874133895	22747264857143009151
root[31, 59]	90	-5748	5965674703311410995	5965674703311410995
root[30, 60]	90	-5400	1359428881776422077	6797144409225435386/5
root[46, 44]	90	-8088	47628908816052737597355	47628908816063803908513
root[47, 43]	90	-8052	41914303031189327439190	41914303031189327439190
root[48, 42]	90	-7992	33851582640482777845091	101554747921476447891209/3
root[49, 41]	90	-7908	25067475232394857476570	25067475232394857476570
root[50, 40]	90	-7800	16996906925730876544746	33993813851475153224463/2
root[51, 39]	90	-7668	10533652441952413217790	31600957325857241029640/3
root[52, 38]	90	-7512	5953198425974653243266	5953198425978674047578
root[53, 37]	90	-7332	3059579079164709137730	3059579079164709137730
root[54, 36]	90	-7128	1425025481430092480556	12825229332888886168340/9
root[55, 35]	90	-6900	599006451707882000792	599006451707882000960
root[56, 34]	90	-6648	226109259744097140955	226109259744916945398
root[57, 33]	90	-6372	76185073254332589295	228555219762998059325/3
root[58, 32]	90	-6072	22747264856874133895	22747264857143009151
root[59, 31]	90	-5748	5965674703311410995	5965674703311410995
root[60, 30]	90	-5400	1359428881776422077	6797144409225435386/5
root[45, 46]	91	-8278	93079890104739474751265	93079890104739474751265
root[44, 47]	91	-8254	85561883065711755866655	85561883065711755866655
root[43, 48]	91	-8206	72272569919145058234120	72272569919145058234120
root[42, 49]	91	-8134	56055783429114609185892	392390484003802264301350/7
root[41, 50]	91	-8038	39878621958815608665762	39878621958815608665762
root[40, 51]	91	-7918	25982133739404280953856	25982133739404280953856
root[39, 52]	91	-7774	15472997962628776418500	201148973514174093440505/13
root[38, 53]	91	-7606	8401877710946926304780	8401877710946926304780
root[37, 54]	91	-7414	4147417206598985912370	4147417206598985912370
root[36, 55]	91	-7198	1854386477013750093760	1854386477013750093760
root[35, 56]	91	-6958	747727990535849692061	747727990535849692070
root[34, 57]	91	-6694	270473562846170889135	270473562846170889135
root[33, 58]	91	-6406	87216291639967853015	87216291639967853015
root[32, 59]	91	-6094	24879700409994672030	24879700409994672030
root[31, 60]	91	-5758	6220616823171047006	6220616823171047006
root[46, 45]	91	-8278	93079890104739474751265	93079890104739474751265
root[47, 44]	91	-8254	85561883065711755866655	85561883065711755866655
root[48, 43]	91	-8206	72272569919145058234120	72272569919145058234120
root[49, 42]	91	-8134	56055783429114609185892	392390484003802264301350/7
root[50, 41]	91	-8038	39878621958815608665762	39878621958815608665762
root[51, 40]	91	-7918	25982133739404280953856	25982133739404280953856
root[52, 39]	91	-7774	15472997962628776418500	201148973514174093440505/13
root[53, 38]	91	-7606	8401877710946926304780	8401877710946926304780
root[54, 37]	91	-7414	4147417206598985912370	4147417206598985912370
root[55, 36]	91	-7198	1854386477013750093760	1854386477013750093760
root[56, 35]	91	-6958	747727990535849692061	747727990535849692070
root[57, 34]	91	-6694	270473562846170889135	270473562846170889135
root[58, 33]	91	-6406	87216291639967853015	87216291639967853015
root[59, 32]	91	-6094	24879700409994672030	24879700409994672030
root[60, 31]	91	-5758	6220616823171047006	6220616823171047006
root[46, 46]	92	-8464	178065448191541003823999	4095505308405927017148448/23
root[45, 47]	92	-8452	170802950288665164968812	170802950288665164968812
root[44, 48]	92	-8416	150718751338918509987775	150718751338937908221315
root[43, 49]	92	-8356	122283593314101387846890	122283593314101387846890
root[42, 50]	92	-8272	91141047596687897375140	91141047596703078710130
root[41, 51]	92	-8164	62324030171629886677874	62324030171629886677874
root[40, 52]	92	-8032	39036070052460863720070	78072140104941815962821/2
root[39, 53]	92	-7876	22347287209013740544060	22347287209013740544060
root[38, 54]	92	-7696	11662568248729431687880	11662568248735009290960
root[37, 55]	92	-7492	5530837230854721838338	5530837230854721838338
root[36, 56]	92	-7264	2374365265000013586877	2374365265002584583702
root[35, 57]	92	-7012	918466497852793715255	918466497852793715255
root[34, 58]	92	-6736	318374984984036461610	318374984985004537625
root[33, 59]	92	-6436	98240514684460934575	98240514684460934575
root[32, 60]	92	-6112	26769163631774919346	53538327264131781249/2
root[31, 61]	92	-5764	6378674422345112715	6378674422345112715
root[47, 45]	92	-8452	170802950288665164968812	170802950288665164968812
root[48, 44]	92	-8416	150718751338918509987775	150718751338937908221315
root[49, 43]	92	-8356	122283593314101387846890	122283593314101387846890
root[50, 42]	92	-8272	91141047596687897375140	91141047596703078710130
root[51, 41]	92	-8164	62324030171629886677874	62324030171629886677874
root[52, 40]	92	-8032	39036070052460863720070	78072140104941815962821/2
root[53, 39]	92	-7876	22347287209013740544060	22347287209013740544060
root[54, 38]	92	-7696	11662568248729431687880	11662568248735009290960
root[55, 37]	92	-7492	5530837230854721838338	5530837230854721838338
root[56, 36]	92	-7264	2374365265000013586877	2374365265002584583702
root[57, 35]	92	-7012	918466497852793715255	918466497852793715255
root[58, 34]	92	-6736	318374984984036461610	318374984985004537625
root[59, 33]	92	-6436	98240514684460934575	98240514684460934575
root[60, 32]	92	-6112	26769163631774919346	53538327264131781249/2
root[61, 31]	92	-5764	6378674422345112715	6378674422345112715
root[46, 47]	93	-8646	333686742743318470758227	333686742743318470758227
root[45, 48]	93	-8622	307278101573065141220168	921834304719195427660069/3
root[44, 49]	93	-8574	260477885525395537314320	260477885525395537314320
root[43, 50]	93	-8502	203124136214846238173550	203124136214846238173550
root[42, 51]	93	-8406	145563734285686435048040	436691202857059308301070/3
root[41, 52]	93	-8286	95726114783086232227805	95726114783086232227805
root[40, 53]	93	-8142	57663270165821436136532	57663270165821436136532
root[39, 54]	93	-7974	31744517964840036547210	95233553894520111591740/3
root[38, 55]	93	-7782	15926736400156933490156	15926736400156933490156
root[37, 56]	93	-7566	7257865878525871480226	7257865878525871480226
root[36, 57]	93	-7326	2991972230680026408794	8975916692040080151542/3
root[35, 58]	93	-7062	1110373271149642493479	1110373271149642493479
root[34, 59]	93	-6774	368828263814551694195	368828263814551694195
root[33, 60]	93	-6462	108892173463407510838	326676520390222858555/3
root[32, 61]	93	-6126	28335357372713531260	28335357372713531260
root[31, 62]	93	-5766	6432229652967600004	199399119241995600125/31
root[47, 46]	93	-8646	333686742743318470758227	333686742743318470758227
root[48, 45]	93	-8622	307278101573065141220168	921834304719195427660069/3
root[49, 44]	93	-8574	260477885525395537314320	260477885525395537314320
root[50, 43]	93	-8502	203124136214846238173550	203124136214846238173550
root[51, 42]	93	-8406	145563734285686435048040	436691202857059308301070/3
root[52, 41]	93	-8286	95726114783086232227805	95726114783086232227805
root[53, 40]	93	-8142	57663270165821436136532	57663270165821436136532
root[54, 39]	93	-7974	31744517964840036547210	95233553894520111591740/3
root[55, 38]	93	-7782	15926736400156933490156	15926736400156933490156
root[56, 37]	93	-7566	7257865878525871480226	7257865878525871480226
root[57, 36]	93	-7326	2991972230680026408794	8975916692040080151542/3
root[58, 35]	93	-7062	1110373271149642493479	1110373271149642493479
root[59, 34]	93	-6774	368828263814551694195	368828263814551694195
root[60, 33]	93	-6462	108892173463407510838	326676520390222858555/3
root[61, 32]	93	-6126	28335357372713531260	28335357372713531260
root[62, 31]	93	-5766	6432229652967600004	199399119241995600125/31
root[47, 47]	94	-8836	638436863546248629426939	30006532586673685583066134/47
root[46, 48]	94	-8824	612927565098782466222484	612927565098820905223654
root[45, 49]	94	-8788	542265739049424199894770	542265739049424199894770
root[44, 50]	94	-8728	441889647744789613010961	441889647744822383551860
root[43, 51]	94	-8644	331401175435730216604414	331401175435730216604414
root[42, 52]	94	-8536	228464292622364263243823	228464292622388021382101
root[41, 53]	94	-8404	144552914255626426763914	144552914255626426763914
root[40, 54]	94	-8248	83775954397811280908404	167551908795651703184709/2
root[39, 55]	94	-8068	44364484276623163221324	44364484276623163221324
root[38, 56]	94	-7864	21403674130537044160196	21403674130544540081631
root[37, 57]	94	-7636	9374144891747141282839	9374144891747141282839
root[36, 58]	94	-7384	3711213298557874886850	3711213298561069762040
root[35, 59]	94	-7108	1321393028689691904251	1321393028689691904251
root[34, 60]	94	-6808	420568957217914600676	420568957219022885723
root[33, 61]	94	-6484	118783649675060037957	118783649675060037957
root[32, 62]	94	-6136	29508723693415697849	29508723693720753499
root[48, 46]	94	-8824	612927565098782466222484	612927565098820905223654
root[49, 45]	94	-8788	542265739049424199894770	542265739049424199894770
root[50, 44]	94	-8728	441889647744789613010961	441889647744822383551860
root[51, 43]	94	-8644	331401175435730216604414	331401175435730216604414
root[52, 42]	94	-8536	228464292622364263243823	228464292622388021382101
root[53, 41]	94	-8404	144552914255626426763914	144552914255626426763914
root[54, 40]	94	-8248	83775954397811280908404	167551908795651703184709/2
root[55, 39]	94	-8068	44364484276623163221324	44364484276623163221324
root[56, 38]	94	-7864	21403674130537044160196	21403674130544540081631
root[57, 37]	94	-7636	9374144891747141282839	9374144891747141282839
root[58, 36]	94	-7384	3711213298557874886850	3711213298561069762040
root[59, 35]	94	-7108	1321393028689691904251	1321393028689691904251
root[60, 34]	94	-6808	420568957217914600676	420568957219022885723
root[61, 33]	94	-6484	118783649675060037957	118783649675060037957
root[62, 32]	94	-6136	29508723693415697849	29508723693720753499
root[47, 48]	95	-9022	1197062759292794702857817	1197062759292794702857817
root[46, 49]	95	-8998	1104195950266297590084925	1104195950266297590084925
root[45, 50]	95	-8950	939220275074767501556553	4696101375373837507785909/5
root[44, 51]	95	-8878	736213586508269550116704	736213586508269550116704
root[43, 52]	95	-8782	531291420597921858720193	531291420597921858720193
root[42, 53]	95	-8662	352515177862593597324768	352515177862593597324768
root[41, 54]	95	-8518	214682177104566997764544	214682177104566997764544
root[40, 55]	95	-8350	119746191638168727112688	598730958190843635565609/5
root[39, 56]	95	-8158	61016208479603352522102	61016208479603352522102
root[38, 57]	95	-7942	28312931898873756190063	537945706078601367611199/19
root[37, 58]	95	-7702	11919313191951353407661	11919313191951353407661
root[36, 59]	95	-7438	4532116530324763884270	4532116530324763884270
root[35, 60]	95	-7150	1548163768915127937269	1548163768915127937468
root[34, 61]	95	-6838	472093478953793835052	472093478953793835052
root[33, 62]	95	-6502	127527824183684470949	127527824183684470949
root[32, 63]	95	-6142	30235473597221982172	30235473597221982172
root[48, 47]	95	-9022	1197062759292794702857817	1197062759292794702857817
root[49, 46]	95	-8998	1104195950266297590084925	1104195950266297590084925
root[50, 45]	95	-8950	939220275074767501556553	4696101375373837507785909/5
root[51, 44]	95	-8878	736213586508269550116704	736213586508269550116704
root[52, 43]	95	-8782	531291420597921858720193	531291420597921858720193
root[53, 42]	95	-8662	352515177862593597324768	352515177862593597324768
root[54, 41]	95	-8518	214682177104566997764544	214682177104566997764544
root[55, 40]	95	-8350	119746191638168727112688	598730958190843635565609/5
root[56, 39]	95	-8158	61016208479603352522102	61016208479603352522102
root[57, 38]	95	-7942	28312931898873756190063	537945706078601367611199/19
root[58, 37]	95	-7702	11919313191951353407661	11919313191951353407661
root[59, 36]	95	-7438	4532116530324763884270	4532116530324763884270
root[60, 35]	95	-7150	1548163768915127937269	1548163768915127937468
root[61, 34]	95	-6838	472093478953793835052	472093478953793835052
root[62, 33]	95	-6502	127527824183684470949	127527824183684470949
root[63, 32]	95	-6142	30235473597221982172	30235473597221982172
root[48, 48]	96	-9216	2290597411378456733415278	13743584468271179151386945/6
root[47, 49]	96	-9204	2200899328038960541488080	2200899328038960541488080
root[46, 50]	96	-9168	1952037215276022362310962	1952037215276089995754672
root[45, 51]	96	-9108	1597394793134509130782726	4792184379403527399092480/3
root[44, 52]	96	-9024	1205131979321169446291234	1205131979321222900419260
root[43, 53]	96	-8916	837283446282647035221820	837283446282647035221820
root[42, 54]	96	-8784	534920120283322942335490	1604760360850076742490690/3
root[41, 55]	96	-8628	313674383664908268904150	313674383664908268904150
root[40, 56]	96	-8448	168442796131635565623078	168442796131656043988251
root[39, 57]	96	-8244	82605712055156597096255	247817136165469793927555/3
root[38, 58]	96	-8016	36873529098363260990090	36873529098373030250405
root[37, 59]	96	-7764	14922881249294281321075	14922881249294281321075
root[36, 60]	96	-7488	5449852175772666096011	16349556527329554210158/3
root[35, 61]	96	-7188	1786001037286526236055	1786001037286526236055
root[34, 62]	96	-6864	521723231188730962015	521723231189961620230
root[33, 63]	96	-6516	134762603923789260997	134762603923789377205
root[32, 64]	96	-6144	30481601352296050377	975411243283390231485/32
root[49, 47]	96	-9204	2200899328038960541488080	2200899328038960541488080
root[50, 46]	96	-9168	1952037215276022362310962	1952037215276089995754672
root[51, 45]	96	-9108	1597394793134509130782726	4792184379403527399092480/3
root[52, 44]	96	-9024	1205131979321169446291234	1205131979321222900419260
root[53, 43]	96	-8916	837283446282647035221820	837283446282647035221820
root[54, 42]	96	-8784	534920120283322942335490	1604760360850076742490690/3
root[55, 41]	96	-8628	313674383664908268904150	313674383664908268904150
root[56, 40]	96	-8448	168442796131635565623078	168442796131656043988251
root[57, 39]	96	-8244	82605712055156597096255	247817136165469793927555/3
root[58, 38]	96	-8016	36873529098363260990090	36873529098373030250405
root[59, 37]	96	-7764	14922881249294281321075	14922881249294281321075
root[60, 36]	96	-7488	5449852175772666096011	16349556527329554210158/3
root[61, 35]	96	-7188	1786001037286526236055	1786001037286526236055
root[62, 34]	96	-6864	521723231188730962015	521723231189961620230
root[63, 33]	96	-6516	134762603923789260997	134762603923789377205
root[64, 32]	96	-6144	30481601352296050377	975411243283390231485/32
root[48, 49]	97	-9406	4297121191399706230648915	4297121191399706230648915
root[47, 50]	97	-9382	3970212038915281558914327	3970212038915281558914327
root[46, 51]	97	-9334	3388105756226134446848975	3388105756226134446848975
root[45, 52]	97	-9262	2668990525180407855958890	2668990525180407855958890
root[44, 53]	97	-9166	1939041833744009961872060	1939041833744009961872060
root[43, 54]	97	-9046	1297586867314721216911790	1297586867314721216911790
root[42, 55]	97	-8902	798543701422173194874548	798543701422173194874548
root[41, 56]	97	-8734	451032619682155611133184	451032619682155611133184
root[40, 57]	97	-8542	233243370586540170312239	233243370586540170312239
root[39, 58]	97	-8326	110111897793831430568615	110111897793831430568615
root[38, 59]	97	-8086	47289973488701601713725	47289973488701601713725
root[37, 60]	97	-7822	18399850144525273064541	18399850144525273064541
root[36, 61]	97	-7534	6454047325399278080865	6454047325399278080865
root[35, 62]	97	-7222	2028982177245438357595	2028982177245438357595
root[34, 63]	97	-6886	567689889196802253520	567689889196802253520
root[33, 64]	97	-6526	140175316454880128530	140175316454880128530
root[49, 48]	97	-9406	4297121191399706230648915	4297121191399706230648915
root[50, 47]	97	-9382	3970212038915281558914327	3970212038915281558914327
root[51, 46]	97	-9334	3388105756226134446848975	3388105756226134446848975
root[52, 45]	97	-9262	2668990525180407855958890	2668990525180407855958890
root[53, 44]	97	-9166	1939041833744009961872060	1939041833744009961872060
root[54, 43]	97	-9046	1297586867314721216911790	1297586867314721216911790
root[55, 42]	97	-8902	798543701422173194874548	798543701422173194874548
root[56, 41]	97	-8734	451032619682155611133184	451032619682155611133184
root[57, 40]	97	-8542	233243370586540170312239	233243370586540170312239
root[58, 39]	97	-8326	110111897793831430568615	110111897793831430568615
root[59, 38]	97	-8086	47289973488701601713725	47289973488701601713725
root[60, 37]	97	-7822	18399850144525273064541	18399850144525273064541
root[61, 36]	97	-7534	6454047325399278080865	6454047325399278080865
root[62, 35]	97	-7222	2028982177245438357595	2028982177245438357595
root[63, 34]	97	-6886	567689889196802253520	567689889196802253520
root[64, 33]	97	-6526	140175316454880128530	140175316454880128530
root[49, 49]	98	-9604	8223563958738031454855936	402954633978163541287942230/49
root[48, 50]	98	-9592	7907830310420268741161792	7907830310420402608168456
root[47, 51]	98	-9556	7030508609318281676609070	7030508609318281676609070
root[46, 52]	98	-9496	5776435534230942418761013	5776435534231057258800557
root[45, 53]	98	-9412	4382874833347786337581442	4382874833347786337581442
root[44, 54]	98	-9304	3067826486123010179487180	3067826486123094506149370
root[43, 55]	98	-9172	1978232626641828231862720	1978232626641828231862720
root[42, 56]	98	-9016	1173125789650145725310519	8211880527551389375385919/7
root[41, 57]	98	-8836	638419214757876167660151	638419214757876167660151
root[40, 58]	98	-8632	318010985626685579086548	636021971253426986683087/2
root[39, 59]	98	-8404	144548850747931542126325	144548850747931542126325
root[38, 60]	98	-8152	59735470601932821067016	59735470601945178160801
root[37, 61]	98	-7876	22346416229665814316009	22346416229665814316009
root[36, 62]	98	-7576	7528395832542379283484	7528395832546886650123
root[35, 63]	98	-7252	2270137991778146686919	15890965942447026808505/7
root[34, 64]	98	-6904	608236320221822198131	1216472640446296254825/2
root[33, 65]	98	-6532	143524725947428212129	143524725947428212129
root[50, 48]	98	-9592	7907830310420268741161792	7907830310420402608168456
root[51, 47]	98	-9556	7030508609318281676609070	7030508609318281676609070
root[52, 46]	98	-9496	5776435534230942418761013	5776435534231057258800557
root[53, 45]	98	-9412	4382874833347786337581442	4382874833347786337581442
root[54, 44]	98	-9304	3067826486123010179487180	3067826486123094506149370
root[55, 43]	98	-9172	1978232626641828231862720	1978232626641828231862720
root[56, 42]	98	-9016	1173125789650145725310519	8211880527551389375385919/7
root[57, 41]	98	-8836	638419214757876167660151	638419214757876167660151
root[58, 40]	98	-8632	318010985626685579086548	636021971253426986683087/2
root[59, 39]	98	-8404	144548850747931542126325	144548850747931542126325
root[60, 38]	98	-8152	59735470601932821067016	59735470601945178160801
root[61, 37]	98	-7876	22346416229665814316009	22346416229665814316009
root[62, 36]	98	-7576	7528395832542379283484	7528395832546886650123
root[63, 35]	98	-7252	2270137991778146686919	15890965942447026808505/7
root[64, 34]	98	-6904	608236320221822198131	1216472640446296254825/2
root[65, 33]	98	-6532	143524725947428212129	143524725947428212129
root[49, 50]	99	-9798	15435104511606099953382207	15435104511606099953382207
root[48, 51]	99	-9774	14283169952296460259045866	42849509856889380790658431/3
root[47, 52]	99	-9726	12227376466602477029057164	12227376466602477029057164
root[46, 53]	99	-9654	9678111968701821627336891	9678111968701821627336891
root[45, 54]	99	-9558	7076582722060777415440979	21229748166182332257140039/3
root[44, 55]	99	-9438	4774455775046069359320649	52519013525506762952527152/11
root[43, 56]	99	-9294	2967824682069735925913096	2967824682069735925913096
root[42, 57]	99	-9126	1696505451800331597885671	1696505451800331600177121
root[41, 58]	99	-8934	889791460559526396074097	889791460559526396074097
root[40, 59]	99	-8718	427024975637845372402920	427024975637845372402920
root[39, 60]	99	-8478	186913773641897635793473	186913773641897636932470
root[38, 61]	99	-8214	74333103396442889105054	74333103396442889105054
root[37, 62]	99	-7926	26736170370033364322497	26736170370033364322497
root[36, 63]	99	-7614	8650651629572103657965	77855864666148936801533/9
root[35, 64]	99	-7278	2501749026227509433034	2501749026227509433034
root[34, 65]	99	-6918	641725435496911011970	641725435496911011970
root[33, 66]	99	-6534	144658548490865290904	4773732100198558521065/33
root[50, 49]	99	-9798	15435104511606099953382207	15435104511606099953382207
root[51, 48]	99	-9774	14283169952296460259045866	42849509856889380790658431/3
root[52, 47]	99	-9726	12227376466602477029057164	12227376466602477029057164
root[53, 46]	99	-9654	9678111968701821627336891	9678111968701821627336891
root[54, 45]	99	-9558	7076582722060777415440979	21229748166182332257140039/3
root[55, 44]	99	-9438	4774455775046069359320649	52519013525506762952527152/11
root[56, 43]	99	-9294	2967824682069735925913096	2967824682069735925913096
root[57, 42]	99	-9126	1696505451800331597885671	1696505451800331600177121
root[58, 41]	99	-8934	889791460559526396074097	889791460559526396074097
root[59, 40]	99	-8718	427024975637845372402920	427024975637845372402920
root[60, 39]	99	-8478	186913773641897635793473	186913773641897636932470
root[61, 38]	99	-8214	74333103396442889105054	74333103396442889105054
root[62, 37]	99	-7926	26736170370033364322497	26736170370033364322497
root[63, 36]	99	-7614	8650651629572103657965	77855864666148936801533/9
root[64, 35]	99	-7278	2501749026227509433034	2501749026227509433034
root[65, 34]	99	-6918	641725435496911011970	641725435496911011970
root[66, 33]	99	-6534	144658548490865290904	4773732100198558521065/33
root[50, 50]	100	-10000	29542047624372957493478213	1477102381218660613594118403/50
root[49, 51]	100	-9988	28429563895109894600398712	28429563895109894600398712
root[48, 52]	100	-9952	25333793779633551111153103	25333793779633787467270588
root[47, 53]	100	-9892	20895526154957421658584542	20895526154957421658584542
root[46, 54]	100	-9808	15941539637630221577128408	15941539637630410084137422
root[45, 55]	100	-9700	11238404386069910748678920	56192021930349553743399528/5
root[44, 56]	100	-9568	7311640310849485394301378	7311640310849614235880129
root[43, 57]	100	-9412	4382813576668958629391557	4382813576668958629391557
root[42, 58]	100	-9232	2415745140511143952582342	2415745140511218998085289
root[41, 59]	100	-9028	1221412712549724735750003	1221412712549724735750003
root[40, 60]	100	-8800	564856576626346657040728	5648565766263835951398787/10
root[39, 61]	100	-8548	238121045753915987387425	238121045753915987387425
root[38, 62]	100	-8272	91136171578708228760113	91136171578723409620952
root[37, 63]	100	-7972	31517235101412388852129	31517235101412388852129
root[36, 64]	100	-7648	9793068486072473070932	39172273944310383654269/4
root[35, 65]	100	-7300	2715732466208479646660	2715732466208479646880
root[34, 66]	100	-6928	666747805379388368487	666747805380774829396
root[51, 49]	100	-9988	28429563895109894600398712	28429563895109894600398712
root[52, 48]	100	-9952	25333793779633551111153103	25333793779633787467270588
root[53, 47]	100	-9892	20895526154957421658584542	20895526154957421658584542
root[54, 46]	100	-9808	15941539637630221577128408	15941539637630410084137422
root[55, 45]	100	-9700	11238404386069910748678920	56192021930349553743399528/5
root[56, 44]	100	-9568	7311640310849485394301378	7311640310849614235880129
root[57, 43]	100	-9412	4382813576668958629391557	4382813576668958629391557
root[58, 42]	100	-9232	2415745140511143952582342	2415745140511218998085289
root[59, 41]	100	-9028	1221412712549724735750003	1221412712549724735750003
root[60, 40]	100	-8800	564856576626346657040728	5648565766263835951398787/10
root[61, 39]	100	-8548	238121045753915987387425	238121045753915987387425
root[62, 38]	100	-8272	91136171578708228760113	91136171578723409620952
root[63, 37]	100	-7972	31517235101412388852129	31517235101412388852129
root[64, 36]	100	-7648	9793068486072473070932	39172273944310383654269/4
root[65, 35]	100	-7300	2715732466208479646660	2715732466208479646880
root[66, 34]	100	-6928	666747805379388368487	666747805380774829396
